0,0,0,0,0,0,0,0,0,0,0,0,0,0,0,0,0,0,0,0,0,0,0,0,0,0,0,0,0,0,0,0,0,0,0,0,0,0,0,0,0,0,0,0,0,0,0,0,0,0,0,0,0,0,0,0,0,0,0,0,0,0,0,0,0,0,0,0,0,0,0,0,0,0,0,0,0,0,
0,0,0,0,0,0,0,0,0,0,0,0,0,0,0,0,0,0,0,0,0,0,0,0,0,0,0,0,0,0,0,0,0,0,0,0,0,0,0,0,0,0,0,0,0,0,0,0,0,0,0,0,0,0,0,0,0,0,0,0,0,0,0,0,0,0,0,0,0,0,0,0,0,0,0,0,0,0,
0,0,0,0,0,0,0,0,0,0,0,0,0,0,0,0,0,0,0,0,0,0,0,0,0,0,0,0,0,0,0,0,0,0,0,0,0,0,0,0,0,0,0,0,0,0,0,0,0,0,0,0,0,0,0,0,0,0,0,0,0,0,0,0,0,0,0,0,0,0,0,0,0,0,0,0,0,0,
0,0,0,0,0,0,0,0,0,0,0,0,0,0,0,0,0,0,0,0,0,0,0,0,0,0,0,0,0,0,0,0,0,0,0,0,0,0,0,0,0,0,0,0,0,0,0,0,0,0,0,0,0,0,0,0,0,0,0,0,0,0,0,0,0,0,0,0,0,0,0,0,0,0,0,0,0,0,
0,0,0,0,0,0,0,0,0,0,0,0,0,0,0,0,0,0,0,0,0,0,0,0,0,0,0,0,0,0,0,0,0,0,0,0,0,0,0,0,0,0,0,0,0,0,0,0,0,0,0,0,0,0,0,0,0,0,0,0,0,0,0,0,0,0,0,0,0,0,0,0,0,0,0,0,0,0,
0,0,0,0,0,0,0,0,0,0,0,0,0,0,0,0,0,0,0,0,0,0,0,0,0,0,0,0,0,0,0,0,0,0,0,0,0,0,0,0,0,0,0,0,0,0,0,0,0,0,0,0,0,0,0,0,0,0,0,0,0,0,0,0,0,0,0,0,0,0,0,0,0,0,0,0,0,0,
0,0,0,0,0,0,0,0,0,0,0,0,0,0,0,0,0,0,0,0,0,0,0,0,0,0,0,0,0,0,0,0,0,0,0,0,0,0,0,0,0,0,0,0,0,0,0,0,0,0,0,0,0,0,0,0,0,0,0,0,0,0,0,0,0,0,0,0,0,0,0,0,0,0,0,0,0,0,
0,0,0,0,0,0,0,0,0,0,0,0,0,0,0,0,0,0,0,0,0,0,0,0,0,0,0,0,0,0,0,0,0,0,0,0,0,0,0,0,0,0,0,0,0,0,0,0,0,0,0,0,0,0,0,0,0,0,0,0,0,0,0,0,0,0,0,0,0,0,0,0,0,0,0,0,0,0,
0,0,0,0,0,0,0,0,0,0,0,0,0,0,0,0,0,0,0,0,0,0,0,0,0,0,0,0,0,0,0,0,0,0,0,0,0,0,0,0,0,0,0,0,0,0,0,0,0,0,0,0,0,0,0,0,0,0,0,0,0,0,0,0,0,0,0,0,0,0,0,0,0,0,0,0,0,0,
0,0,0,0,0,0,0,0,0,0,0,0,0,0,0,0,0,0,0,0,0,0,0,0,0,0,0,0,0,0,0,0,0,0,0,0,0,0,0,0,0,0,0,0,0,0,0,0,0,0,0,0,0,0,0,0,0,0,0,0,0,0,0,0,0,0,0,0,0,0,0,0,0,0,0,0,0,0,
0,0,0,0,0,0,0,0,0,0,0,0,0,0,0,0,0,0,0,0,0,0,0,0,0,0,0,0,0,0,0,0,0,0,0,0,0,0,0,0,0,0,0,0,0,0,0,0,0,0,0,0,0,0,0,0,0,0,0,0,0,0,0,0,0,0,0,0,0,0,0,0,0,0,0,0,0,0,
0,0,0,0,0,0,0,0,0,0,0,0,0,0,0,0,0,0,0,0,0,0,0,0,0,0,0,0,0,0,0,0,0,0,0,0,0,0,0,0,0,0,0,0,0,0,0,0,0,0,0,0,0,0,0,0,0,0,0,0,0,0,0,0,0,0,0,0,0,0,0,0,0,0,0,0,0,0,
0,0,0,0,0,0,0,0,0,0,0,0,0,0,0,0,0,0,0,0,0,0,0,0,0,0,0,0,0,0,0,0,0,0,0,0,0,0,0,0,0,0,0,0,0,0,0,0,0,0,0,0,0,0,0,0,0,0,0,0,0,0,0,0,0,0,0,0,0,0,0,0,0,0,0,0,0,0,
0,0,0,0,0,0,0,0,0,0,0,0,0,0,0,0,0,0,0,0,0,0,0,0,0,0,0,0,0,0,0,0,0,0,0,0,0,0,0,0,0,0,0,0,0,0,0,0,0,0,0,0,0,0,0,0,0,0,0,0,0,0,0,0,0,0,0,0,0,0,0,0,0,0,0,0,0,0,
0,0,0,0,0,0,0,0,0,0,0,0,0,0,0,0,0,0,0,0,0,0,0,0,0,0,0,0,0,0,0,0,0,0,0,0,0,0,0,0,0,0,0,0,0,0,0,0,0,0,0,0,0,0,0,0,0,0,0,0,0,0,0,0,0,0,0,0,0,0,0,0,0,0,0,0,0,0,
0,0,0,0,0,0,0,0,0,0,0,0,0,0,0,0,0,0,0,0,0,0,0,0,0,0,0,0,0,0,0,0,0,0,0,0,0,0,0,0,0,0,0,0,0,0,0,0,0,0,0,0,0,0,0,0,0,0,0,0,0,0,0,0,0,0,0,0,0,0,0,0,0,0,0,0,0,0,
0,0,0,0,0,0,0,0,0,0,0,0,0,0,0,0,0,0,0,0,0,0,0,0,0,0,0,0,0,0,0,0,0,0,0,0,0,0,0,0,0,0,0,0,0,0,0,0,0,0,0,0,0,0,0,0,0,0,0,0,0,0,0,0,0,0,0,0,0,0,0,0,0,0,0,0,0,0,
0,0,0,0,0,0,0,0,0,0,0,0,0,0,0,0,0,0,0,0,0,0,0,0,0,0,0,0,0,0,0,0,0,0,0,0,0,0,0,0,0,0,0,0,0,0,0,0,0,0,0,0,0,0,0,0,0,0,0,0,0,0,0,0,0,0,0,0,0,0,0,0,0,0,0,0,0,0,
0,0,0,0,0,0,0,0,0,0,0,0,0,0,0,0,0,0,0,0,0,0,0,0,0,0,0,0,0,0,0,0,0,0,0,0,0,0,0,0,0,0,0,0,0,0,0,0,0,0,0,0,0,0,0,0,0,0,0,0,0,0,0,0,0,0,0,0,0,0,0,0,0,0,0,0,0,0,
0,0,0,0,0,0,0,0,0,0,0,0,0,0,0,0,0,0,0,0,0,0,0,0,0,0,0,0,0,0,0,0,0,0,0,0,0,0,0,0,0,0,0,0,0,0,0,0,0,0,0,0,0,0,0,0,0,0,0,0,0,0,0,0,0,0,0,0,0,0,0,0,0,0,0,0,0,0,
0,0,0,0,0,0,0,0,0,0,0,0,0,0,0,0,0,0,0,0,0,0,0,0,0,0,0,0,0,0,0,0,0,0,0,0,0,0,0,0,0,0,0,0,0,0,0,0,0,0,0,0,0,0,0,0,0,0,0,0,0,0,0,0,0,0,0,0,0,0,0,0,0,0,0,0,0,0,
0,0,0,0,0,0,0,0,0,0,0,0,0,0,0,0,0,0,0,0,0,0,0,0,0,0,0,0,0,0,0,0,0,0,0,0,0,0,0,0,0,0,0,0,0,0,0,0,0,0,0,0,0,0,0,0,0,0,0,0,0,0,0,0,0,0,0,0,0,0,0,0,0,0,0,0,0,0,
0,0,0,0,0,0,0,0,0,0,0,0,0,0,0,0,0,0,0,0,0,0,0,0,0,0,0,0,0,0,0,0,0,0,0,0,0,0,0,0,0,0,0,0,0,0,0,0,0,0,0,0,0,0,0,0,0,0,0,0,0,0,0,0,0,0,0,0,0,0,0,0,0,0,0,0,0,0,
0,0,0,0,0,0,0,0,0,0,0,0,0,0,0,0,0,0,0,0,0,0,0,0,0,0,0,0,0,0,0,0,0,0,0,0,0,0,0,0,0,0,0,0,0,0,0,0,0,0,0,0,0,0,0,0,0,0,0,0,0,0,0,0,0,0,0,0,0,0,0,0,0,0,0,0,0,0,
0,0,0,0,0,0,0,0,0,0,0,0,0,0,0,0,0,0,0,0,0,0,0,0,0,0,0,0,0,0,0,0,0,0,0,0,0,0,0,0,0,0,0,0,0,0,0,0,0,0,0,0,0,0,0,0,0,0,0,0,0,0,0,0,0,0,0,0,0,0,0,0,0,0,0,0,0,0,
0,0,0,0,0,0,0,0,0,0,0,0,0,0,0,0,0,0,0,0,0,0,0,0,0,0,0,0,0,0,0,0,0,0,0,0,0,0,0,0,0,0,0,0,0,0,0,0,0,0,0,0,0,0,0,0,0,0,0,0,0,0,0,0,0,0,0,0,0,0,0,0,0,0,0,0,0,0,
0,0,0,0,0,0,0,0,0,0,0,0,0,0,0,0,0,0,0,0,0,0,0,0,0,0,0,0,0,0,0,0,0,0,0,0,0,0,0,0,0,0,0,0,0,0,0,0,0,0,0,0,0,0,0,0,0,0,0,0,0,0,0,0,0,0,0,0,0,0,0,0,0,0,0,0,0,0,
0,0,0,0,0,0,0,0,0,0,0,0,0,0,0,0,0,0,0,0,0,0,0,0,0,0,0,0,0,0,0,0,0,0,0,0,0,0,0,0,0,0,0,0,0,0,0,0,0,0,0,0,0,0,0,0,0,0,0,0,0,0,0,0,0,0,0,0,0,0,0,0,0,0,0,0,0,0,
0,0,0,0,0,0,0,0,0,0,0,0,0,0,0,0,0,0,0,0,0,0,0,0,0,0,0,0,0,0,0,0,0,0,0,0,0,0,0,0,0,0,0,0,0,0,0,0,0,0,0,0,0,0,0,0,0,0,0,0,0,0,0,0,0,0,0,0,0,0,0,0,0,0,0,0,0,0,
0,0,0,0,0,0,0,0,0,0,0,0,0,0,0,0,0,0,0,0,0,0,0,0,0,0,0,0,0,0,0,0,0,0,0,0,0,0,0,0,0,0,0,0,0,0,0,0,0,0,0,0,0,0,0,0,0,0,0,0,0,0,0,0,0,0,0,0,0,0,0,0,0,0,0,0,0,0,
0,0,0,0,0,0,0,0,0,0,0,0,0,0,0,0,0,0,0,0,0,0,0,0,0,0,0,0,0,0,0,0,0,0,0,0,0,0,0,0,0,0,0,0,0,0,0,0,0,0,0,0,0,0,0,0,0,0,0,0,0,0,0,0,0,0,0,0,0,0,0,0,0,0,0,0,0,0,
0,0,0,0,0,0,0,0,0,0,0,0,0,0,0,0,0,0,0,0,0,0,0,0,0,0,0,0,0,0,0,0,0,0,0,0,0,0,0,0,0,0,0,0,0,0,0,0,0,0,0,0,0,0,0,0,0,0,0,0,0,0,0,0,0,0,0,0,0,0,0,0,0,0,0,0,0,0,
0,0,0,0,0,0,0,0,0,0,0,0,0,0,0,0,0,0,0,0,0,0,0,0,0,0,0,0,0,0,0,0,0,0,0,0,0,0,0,0,0,0,0,0,0,0,0,0,0,0,0,0,0,0,0,0,0,0,0,0,0,0,0,0,0,0,0,0,0,0,0,0,0,0,0,0,0,0,
0,0,0,0,0,0,0,0,0,0,0,0,0,0,0,0,0,0,0,0,0,0,0,0,0,0,0,0,0,0,0,0,0,0,0,0,0,0,0,0,0,0,0,0,0,0,0,0,0,0,0,0,0,0,0,0,0,0,0,0,0,0,0,0,0,0,0,0,0,0,0,0,0,0,0,0,0,0,
0,0,0,0,0,0,0,0,0,0,0,0,0,0,0,0,0,0,0,0,0,0,0,0,0,0,0,0,0,0,0,0,0,0,0,0,0,0,0,0,0,0,0,0,0,0,0,0,0,0,0,0,0,0,0,0,0,0,0,0,0,0,0,0,0,0,0,0,0,0,0,0,0,0,0,0,0,0,
0,0,0,0,0,0,0,0,0,0,0,0,0,0,0,0,0,0,0,0,0,0,0,0,0,0,0,0,0,0,0,0,0,0,0,0,0,0,0,0,0,0,0,0,0,0,0,0,0,0,0,0,0,0,0,0,0,0,0,0,0,0,0,0,0,0,0,0,0,0,0,0,0,0,0,0,0,0,
0,0,0,0,0,0,0,0,0,0,0,0,0,0,0,0,0,0,0,0,0,0,0,0,0,0,0,0,0,0,0,0,0,0,0,0,0,0,0,0,0,0,0,0,0,0,0,0,0,0,0,0,0,0,0,0,0,0,0,0,0,0,0,0,0,0,0,0,0,0,0,0,0,0,0,0,0,0,
0,0,0,0,0,0,0,0,0,0,0,0,0,0,0,0,0,0,0,0,0,0,0,0,0,0,0,0,0,0,0,0,0,0,0,0,0,0,0,0,0,0,0,0,0,0,0,0,0,0,0,0,0,0,0,0,0,0,0,0,0,0,0,0,0,0,0,0,0,0,0,0,0,0,0,0,0,0,
0,0,0,0,0,0,0,0,0,0,0,0,0,0,0,0,0,0,0,0,0,0,0,0,0,0,0,0,0,0,0,0,0,0,0,0,0,0,0,0,0,0,0,0,0,0,0,0,0,0,0,0,0,0,0,0,0,0,0,0,0,0,0,0,0,0,0,0,0,0,0,0,0,0,0,0,0,0,
0,0,0,0,0,0,0,0,0,0,0,0,0,0,0,0,0,0,0,0,0,0,0,0,0,0,0,0,0,0,0,0,0,0,0,0,0,0,0,0,0,0,0,0,0,0,0,0,0,0,0,0,0,0,0,0,0,0,0,0,0,0,0,0,0,0,0,0,0,0,0,0,0,0,0,0,0,0,
0,0,0,0,0,0,0,0,0,0,0,0,0,0,0,0,0,0,0,0,0,0,0,0,0,0,0,0,0,0,0,0,0,0,0,0,0,0,0,0,0,0,0,0,0,0,0,0,0,0,0,0,0,0,0,0,0,0,0,0,0,0,0,0,0,0,0,0,0,0,0,0,0,0,0,0,0,0,
0,0,0,0,0,0,0,0,0,0,0,0,0,0,0,0,0,0,0,0,0,0,0,0,0,0,0,0,0,0,0,0,0,0,0,0,0,0,0,0,0,0,0,0,0,0,0,0,0,0,0,0,0,0,0,0,0,0,0,0,0,0,0,0,0,0,0,0,0,0,0,0,0,0,0,0,0,0,
0,0,0,0,0,0,0,0,0,0,0,0,0,0,0,0,0,0,0,0,0,0,0,0,0,0,0,0,0,0,0,0,0,0,0,0,0,0,0,0,0,0,0,0,0,0,0,0,0,0,0,0,0,0,0,0,0,0,0,0,0,0,0,0,0,0,0,0,0,0,0,0,0,0,0,0,0,0,
0,0,0,0,0,0,0,0,0,0,0,0,0,0,0,0,0,0,0,0,0,0,0,0,0,0,0,0,0,0,0,0,0,0,0,0,0,0,0,0,0,0,0,0,0,0,0,0,0,0,0,0,0,0,0,0,0,0,0,0,0,0,0,0,0,0,0,0,0,0,0,0,0,0,0,0,0,0,
0,0,0,0,0,0,0,0,0,0,0,0,0,0,0,0,0,0,0,0,0,0,0,0,0,0,0,0,0,0,0,0,0,0,0,0,0,0,0,0,0,0,0,0,0,0,0,0,0,0,0,0,0,0,0,0,0,0,0,0,0,0,0,0,0,0,0,0,0,0,0,0,0,0,0,0,0,0,
0,0,0,0,0,0,0,0,0,0,0,0,0,0,0,0,0,0,0,0,0,0,0,0,0,0,0,0,0,0,0,0,0,0,0,0,0,0,0,0,0,0,0,0,0,0,0,0,0,0,0,0,0,0,0,0,0,0,0,0,0,0,0,0,0,0,0,0,0,0,0,0,0,0,0,0,0,0,
0,0,0,0,0,0,0,0,0,0,0,0,0,0,0,0,0,0,0,0,0,0,0,0,0,0,0,0,0,0,0,0,0,0,0,0,0,0,0,0,0,0,0,0,0,0,0,0,0,0,0,0,0,0,0,0,0,0,0,0,0,0,0,0,0,0,0,0,0,0,0,0,0,0,0,0,0,0,
0,0,0,0,0,0,0,0,0,0,0,0,0,0,0,0,0,0,0,0,0,0,0,0,0,0,0,0,0,0,0,0,0,0,0,0,0,0,0,0,0,0,0,0,0,0,0,0,0,0,0,0,0,0,0,0,0,0,0,0,0,0,0,0,0,0,0,0,0,0,0,0,0,0,0,0,0,0,
0,0,0,0,0,0,0,0,0,0,0,0,0,0,0,0,0,0,0,0,0,0,0,0,0,0,0,0,0,0,0,0,0,0,0,0,0,0,0,0,0,0,0,0,0,0,0,0,0,0,0,0,0,0,0,0,0,0,0,0,0,0,0,0,0,0,0,0,0,0,0,0,0,0,0,0,0,0,
0,0,0,0,0,0,0,0,0,0,0,0,0,0,0,0,0,0,0,0,0,0,0,0,0,0,0,0,0,0,0,0,0,0,0,0,0,0,0,0,0,0,0,0,0,0,0,0,0,0,0,0,0,0,0,0,0,0,0,0,0,0,0,0,0,0,0,0,0,0,0,0,0,0,0,0,0,0,
0,0,0,0,0,0,0,0,0,0,0,0,0,0,0,0,0,0,0,0,0,0,0,0,0,0,0,0,0,0,0,0,0,0,0,0,0,0,0,0,0,0,0,0,0,0,0,0,0,0,0,0,0,0,0,0,0,0,0,0,0,0,0,0,0,0,0,0,0,0,0,0,0,0,0,0,0,0,
0,0,0,0,0,0,0,0,0,0,0,0,0,0,0,0,0,0,0,0,0,0,0,0,0,0,0,0,0,0,0,0,0,0,0,0,0,0,0,0,0,0,0,0,0,0,0,0,0,0,0,0,0,0,0,0,0,0,0,0,0,0,0,0,0,0,0,0,0,0,0,0,0,0,0,0,0,0,
0,0,0,0,0,0,0,0,0,0,0,0,0,0,0,0,0,0,0,0,0,0,0,0,0,0,0,0,0,0,0,0,0,0,0,0,0,0,0,0,0,0,0,0,0,0,0,0,0,0,0,0,0,0,0,0,0,0,0,0,0,0,0,0,0,0,0,0,0,0,0,0,0,0,0,0,0,0,
0,0,0,0,0,0,0,0,0,0,0,0,0,0,0,0,0,0,0,0,0,0,0,0,0,0,0,0,0,0,0,0,0,0,0,0,0,0,0,0,0,0,0,0,0,0,0,0,0,0,0,0,0,0,0,0,0,0,0,0,0,0,0,0,0,0,0,0,0,0,0,0,0,0,0,0,0,0,
0,0,0,0,0,0,0,0,0,0,0,0,0,0,0,0,0,0,0,0,0,0,0,0,0,0,0,0,0,0,0,0,0,0,0,0,0,0,0,0,0,0,0,0,0,0,0,0,0,0,0,0,0,0,0,0,0,0,0,0,0,0,0,0,0,0,0,0,0,0,0,0,0,0,0,0,0,0,
0,0,0,0,0,0,0,0,0,0,0,0,0,0,0,0,0,0,0,0,0,0,0,0,0,0,0,0,0,0,0,0,0,0,0,0,0,0,0,0,0,0,0,0,0,0,0,0,0,0,0,0,0,0,0,0,0,0,0,0,0,0,0,0,0,0,0,0,0,0,0,0,0,0,0,0,0,0,
0,0,0,0,0,0,0,0,0,0,0,0,0,0,0,0,0,0,0,0,0,0,0,0,0,0,0,0,0,0,0,0,0,0,0,0,0,0,0,0,0,0,0,0,0,0,0,0,0,0,0,0,0,0,0,0,0,0,0,0,0,0,0,0,0,0,0,0,0,0,0,0,0,0,0,0,0,0,
0,0,0,0,0,0,0,0,0,0,0,0,0,0,0,0,0,0,0,0,0,0,0,0,0,0,0,0,0,0,0,0,0,0,0,0,0,0,0,0,0,0,0,0,0,0,0,0,0,0,0,0,0,0,0,0,0,0,0,0,0,0,0,0,0,0,0,0,0,0,0,0,0,0,0,0,0,0,
0,0,0,0,0,0,0,0,0,0,0,0,0,0,0,0,0,0,0,0,0,0,0,0,0,0,0,0,0,0,0,0,0,0,0,0,0,0,0,0,0,0,0,0,0,0,0,0,0,0,0,0,0,0,0,0,0,0,0,0,0,0,0,0,0,0,0,0,0,0,0,0,0,0,0,0,0,0,
0,0,0,0,0,0,0,0,0,0,0,0,0,0,0,0,0,0,0,0,0,0,0,0,0,0,0,0,0,0,0,0,0,0,0,0,0,0,0,0,0,0,0,0,0,0,0,0,0,0,0,0,0,0,0,0,0,0,0,0,0,0,0,0,0,0,0,0,0,0,0,0,0,0,0,0,0,0,
0,0,0,0,0,0,0,0,0,0,0,0,0,0,0,0,0,0,0,0,0,0,0,0,0,0,0,0,0,0,0,0,0,0,0,0,0,0,0,0,0,0,0,0,0,0,0,0,0,0,0,0,0,0,0,0,0,0,0,0,0,0,0,0,0,0,0,0,0,0,0,0,0,0,0,0,0,0,
0,0,0,0,0,0,0,0,0,0,0,0,0,0,0,0,0,0,0,0,0,0,0,0,0,0,0,0,0,0,0,0,0,0,0,0,0,0,0,0,0,0,0,0,0,0,0,0,0,0,0,0,0,0,0,0,0,0,0,0,0,0,0,0,0,0,0,0,0,0,0,0,0,0,0,0,0,0,
0,0,0,0,0,0,0,0,0,0,0,0,0,0,0,0,0,0,0,0,0,0,0,0,0,0,0,0,0,0,0,0,0,0,0,0,0,0,0,0,0,0,0,0,0,0,0,0,0,0,0,0,0,0,0,0,0,0,0,0,0,0,0,0,0,0,0,0,0,0,0,0,0,0,0,0,0,0,
0,0,0,0,0,0,0,0,0,0,0,0,0,0,0,0,0,0,0,0,0,0,0,0,0,0,0,0,0,0,0,0,0,0,0,0,0,0,0,0,0,0,0,0,0,0,0,0,0,0,0,0,0,0,0,0,0,0,0,0,0,0,0,0,0,0,0,0,0,0,0,0,0,0,0,0,0,0,
0,0,0,0,0,0,0,0,0,0,0,0,0,0,0,0,0,0,0,0,0,0,0,0,0,0,0,0,0,0,0,0,0,0,0,0,0,0,0,0,0,0,0,0,0,0,0,0,0,0,0,0,0,0,0,0,0,0,0,0,0,0,0,0,0,0,0,0,0,0,0,0,0,0,0,0,0,0,
0,0,0,0,0,0,0,0,0,0,0,0,0,0,0,0,0,0,0,0,0,0,0,0,0,0,0,0,0,0,0,0,0,0,0,0,0,0,0,0,0,0,0,0,0,0,0,0,0,0,0,0,0,0,0,0,0,0,0,0,0,0,0,0,0,0,0,0,0,0,0,0,0,0,0,0,0,0,
0,0,0,0,0,0,0,0,0,0,0,0,0,0,0,0,0,0,0,0,0,0,0,0,0,0,0,0,0,0,0,0,0,0,0,0,0,0,0,0,0,0,0,0,0,0,0,0,0,0,0,0,0,0,0,0,0,0,0,0,0,0,0,0,0,0,0,0,0,0,0,0,0,0,0,0,0,0,
0,0,0,0,0,0,0,0,0,0,0,0,0,0,0,0,0,0,0,0,0,0,0,0,0,0,0,0,0,0,0,0,0,0,0,0,0,0,0,0,0,0,0,0,0,0,0,0,0,0,0,0,0,0,0,0,0,0,0,0,0,0,0,0,0,0,0,0,0,0,0,0,0,0,0,0,0,0,
0,0,0,0,0,0,0,0,0,0,0,0,0,0,0,0,0,0,0,0,0,0,0,0,0,0,0,0,0,0,0,0,0,0,0,0,0,0,0,0,0,0,0,0,0,0,0,0,0,0,0,0,0,0,0,0,0,0,0,0,0,0,0,0,0,0,0,0,0,0,0,0,0,0,0,0,0,0,
0,0,0,0,0,0,0,0,0,0,0,0,0,0,0,0,0,0,0,0,0,0,0,0,0,0,0,0,0,0,0,0,0,0,0,0,0,0,0,0,0,0,0,0,0,0,0,0,0,0,0,0,0,0,0,0,0,0,0,0,0,0,0,0,0,0,0,0,0,0,0,0,0,0,0,0,0,0,
0,0,0,0,0,0,0,0,0,0,0,0,0,0,0,0,0,0,0,0,0,0,0,0,0,0,0,0,0,0,0,0,0,0,0,0,0,0,0,0,0,0,0,0,0,0,0,0,0,0,0,0,0,0,0,0,0,0,0,0,0,0,0,0,0,0,0,0,0,0,0,0,0,0,0,0,0,0,
0,0,0,0,0,0,0,0,0,0,0,0,0,0,0,0,0,0,0,0,0,0,0,0,0,0,0,0,0,0,0,0,0,0,0,0,0,0,0,0,0,0,0,0,0,0,0,0,0,0,0,0,0,0,0,0,0,0,0,0,0,0,0,0,0,0,0,0,0,0,0,0,0,0,0,0,0,0,
0,0,0,0,0,0,0,0,0,0,0,0,0,0,0,0,0,0,0,0,0,0,0,0,0,0,0,0,0,0,0,0,0,0,0,0,0,0,0,0,0,0,0,0,0,0,0,0,0,0,0,0,0,0,0,0,0,0,0,0,0,0,0,0,0,0,0,0,0,0,0,0,0,0,0,0,0,0,
0,0,0,0,0,0,0,0,0,0,0,0,0,0,0,0,0,0,0,0,0,0,0,0,0,0,0,0,0,0,0,0,0,0,0,0,0,0,0,0,0,0,0,0,0,0,0,0,0,0,0,0,0,0,0,0,0,0,0,0,0,0,0,0,0,0,0,0,0,0,0,0,0,0,0,0,0,0,
0,0,0,0,0,0,0,0,0,0,0,0,0,0,0,0,0,0,0,0,0,0,0,0,0,0,0,0,0,0,0,0,0,0,0,0,0,0,0,0,0,0,0,0,0,0,0,0,0,0,0,0,0,0,0,0,0,0,0,0,0,0,0,0,0,0,0,0,0,0,0,0,0,0,0,0,0,0,
0,0,0,0,0,0,0,0,0,0,0,0,0,0,0,0,0,0,0,0,0,0,0,0,0,0,0,0,0,0,0,0,0,0,0,0,0,0,0,0,0,0,0,0,0,0,0,0,0,0,0,0,0,0,0,0,0,0,0,0,0,0,0,0,0,0,0,0,0,0,0,0,0,0,0,0,0,0,
0,0,0,0,0,0,0,0,0,0,0,0,0,0,0,0,0,0,0,0,0,0,0,0,0,0,0,0,0,0,0,0,0,0,0,0,0,0,0,0,0,0,0,0,0,0,0,0,0,0,0,0,0,0,0,0,0,0,0,0,0,0,0,0,0,0,0,0,0,0,0,0,0,0,0,0,0,0,
0,0,0,0,0,0,0,0,0,0,0,0,0,0,0,0,0,0,0,0,0,0,0,0,0,0,0,0,0,0,0,0,0,0,0,0,0,0,0,0,0,0,0,0,0,0,0,0,0,0,0,0,0,0,0,0,0,0,0,0,0,0,0,0,0,0,0,0,0,0,0,0,0,0,0,0,0,0,
0,0,0,0,0,0,0,0,0,0,0,0,0,0,0,0,0,0,0,0,0,0,0,0,0,0,0,0,0,0,0,0,0,0,0,0,0,0,0,0,0,0,0,0,0,0,0,0,0,0,0,0,0,0,0,0,0,0,0,0,0,0,0,0,0,0,0,0,0,0,0,0,0,0,0,0,0,0,
0,0,0,0,0,0,0,0,0,0,0,0,0,0,0,0,0,0,0,0,0,0,0,0,0,0,0,0,0,0,0,0,0,0,0,0,0,0,0,0,0,0,0,0,0,0,0,0,0,0,0,0,0,0,0,0,0,0,0,0,0,0,0,0,0,0,0,0,0,0,0,0,0,0,0,0,0,0,
0,0,0,0,0,0,0,0,0,0,0,0,0,0,0,0,0,0,0,0,0,0,0,0,0,0,0,0,0,0,0,0,0,0,0,0,0,0,0,0,0,0,0,0,0,0,0,0,0,0,0,0,0,0,0,0,0,0,0,0,0,0,0,0,0,0,0,0,0,0,0,0,0,0,0,0,0,0,
0,0,0,0,0,0,0,0,0,0,0,0,0,0,0,0,0,0,0,0,0,0,0,0,0,0,0,0,0,0,0,0,0,0,0,0,0,0,0,0,0,0,0,0,0,0,0,0,0,0,0,0,0,0,0,0,0,0,0,0,0,0,0,0,0,0,0,0,0,0,0,0,0,0,0,0,0,0,
0,0,0,0,0,0,0,0,0,0,0,0,0,0,0,0,0,0,0,0,0,0,0,0,0,0,0,0,0,0,0,0,0,0,0,0,0,0,0,0,0,0,0,0,0,0,0,0,0,0,0,0,0,0,0,0,0,0,0,0,0,0,0,0,0,0,0,0,0,0,0,0,0,0,0,0,0,0,
0,0,0,0,0,0,0,0,0,0,0,0,0,0,0,0,0,0,0,0,0,0,0,0,0,0,0,0,0,0,0,0,0,0,0,0,0,0,0,0,0,0,0,0,0,0,0,0,0,0,0,0,0,0,0,0,0,0,0,0,0,0,0,0,0,0,0,0,0,0,0,0,0,0,0,0,0,0,
0,0,0,0,0,0,0,0,0,0,0,0,0,0,0,0,0,0,0,0,0,0,0,0,0,0,0,0,0,0,0,0,0,0,0,0,0,0,0,0,0,0,0,0,0,0,0,0,0,0,0,0,0,0,0,0,0,0,0,0,0,0,0,0,0,0,0,0,0,0,0,0,0,0,0,0,0,0,
0,0,0,0,0,0,0,0,0,0,0,0,0,0,0,0,0,0,0,0,0,0,0,0,0,0,0,0,0,0,0,0,0,0,0,0,0,0,0,0,0,0,0,0,0,0,0,0,0,0,0,0,0,0,0,0,0,0,0,0,0,0,0,0,0,0,0,0,0,0,0,0,0,0,0,0,0,0,
0,0,0,0,0,0,0,0,0,0,0,0,0,0,0,0,0,0,0,0,0,0,0,0,0,0,0,0,0,0,0,0,0,0,0,0,0,0,0,0,0,0,0,0,0,0,0,0,0,0,0,0,0,0,0,0,0,0,0,0,0,0,0,0,0,0,0,0,0,0,0,0,0,0,0,0,0,0,
0,0,0,0,0,0,0,0,0,0,0,0,0,0,0,0,0,0,0,0,0,0,0,0,0,0,0,0,0,0,0,0,0,0,0,0,0,0,0,0,0,0,0,0,0,0,0,0,0,0,0,0,0,0,0,0,0,0,0,0,0,0,0,0,0,0,0,0,0,0,0,0,0,0,0,0,0,0,
0,0,0,0,0,0,0,0,0,0,0,0,0,0,0,0,0,0,0,0,0,0,0,0,0,0,0,0,0,0,0,0,0,0,0,0,0,0,0,0,0,0,0,0,0,0,0,0,0,0,0,0,0,0,0,0,0,0,0,0,0,0,0,0,0,0,0,0,0,0,0,0,0,0,0,0,0,0,
0,0,0,0,0,0,0,0,0,0,0,0,0,0,0,0,0,0,0,0,0,0,0,0,0,0,0,0,0,0,0,0,0,0,0,0,0,0,0,0,0,0,0,0,0,0,0,0,0,0,0,0,0,0,0,0,0,0,0,0,0,0,0,0,0,0,0,0,0,0,0,0,0,0,0,0,0,0,
0,0,0,0,0,0,0,0,0,0,0,0,0,0,0,0,0,0,0,0,0,0,0,0,0,0,0,0,0,0,0,0,0,0,0,0,0,0,0,0,0,0,0,0,0,0,0,0,0,0,0,0,0,0,0,0,0,0,0,0,0,0,0,0,0,0,0,0,0,0,0,0,0,0,0,0,0,0,
0,0,0,0,0,0,0,0,0,0,0,0,0,0,0,0,0,0,0,0,0,0,0,0,0,0,0,0,0,0,0,0,0,0,0,0,0,0,0,0,0,0,0,0,0,0,0,0,0,0,0,0,0,0,0,0,0,0,0,0,0,0,0,0,0,0,0,0,0,0,0,0,0,0,0,0,0,0,
0,0,0,0,0,0,0,0,0,0,0,0,0,0,0,0,0,0,0,0,0,0,0,0,0,0,0,0,0,0,0,0,0,0,0,0,0,0,0,0,0,0,0,0,0,0,0,0,0,0,0,0,0,0,0,0,0,0,0,0,0,0,0,0,0,0,0,0,0,0,0,0,0,0,0,0,0,0,
0,0,0,0,0,0,0,0,0,0,0,0,0,0,0,0,0,0,0,0,0,0,0,0,0,0,0,0,0,0,0,0,0,0,0,0,0,0,0,0,0,0,0,0,0,0,0,0,0,0,0,0,0,0,0,0,0,0,0,0,0,0,0,0,0,0,0,0,0,0,0,0,0,0,0,0,0,0,
0,0,0,0,0,0,0,0,0,0,0,0,0,0,0,0,0,0,0,0,0,0,0,0,0,0,0,0,0,0,0,0,0,0,0,0,0,0,0,0,0,0,0,0,0,0,0,0,0,0,0,0,0,0,0,0,0,0,0,0,0,0,0,0,0,0,0,0,0,0,0,0,0,0,0,0,0,0,
0,0,0,0,0,0,0,0,0,0,0,0,0,0,0,0,0,0,0,0,0,0,0,0,0,0,0,0,0,0,0,0,0,0,0,0,0,0,0,0,0,0,0,0,0,0,0,0,0,0,0,0,0,0,0,0,0,0,0,0,0,0,0,0,0,0,0,0,0,0,0,0,0,0,0,0,0,0,
0,0,0,0,0,0,0,0,0,0,0,0,0,0,0,0,0,0,0,0,0,0,0,0,0,0,0,0,0,0,0,0,0,0,0,0,0,0,0,0,0,0,0,0,0,0,0,0,0,0,0,0,0,0,0,0,0,0,0,0,0,0,0,0,0,0,0,0,0,0,0,0,0,0,0,0,0,0,
0,0,0,0,0,0,0,0,0,0,0,0,0,0,0,0,0,0,0,0,0,0,0,0,0,0,0,0,0,0,0,0,0,0,0,0,0,0,0,0,0,0,0,0,0,0,0,0,0,0,0,0,0,0,0,0,0,0,0,0,0,0,0,0,0,0,0,0,0,0,0,0,0,0,0,0,0,0,
0,0,0,0,0,0,0,0,0,0,0,0,0,0,0,0,0,0,0,0,0,0,0,0,0,0,0,0,0,0,0,0,0,0,0,0,0,0,0,0,0,0,0,0,0,0,0,0,0,0,0,0,0,0,0,0,0,0,0,0,0,0,0,0,0,0,0,0,0,0,0,0,0,0,0,0,0,0,
0,0,0,0,0,0,0,0,0,0,0,0,0,0,0,0,0,0,0,0,0,0,0,0,0,0,0,0,0,0,0,0,0,0,0,0,0,0,0,0,0,0,0,0,0,0,0,0,0,0,0,0,0,0,0,0,0,0,0,0,0,0,0,0,0,0,0,0,0,0,0,0,0,0,0,0,0,0,
0,0,0,0,0,0,0,0,0,0,0,0,0,0,0,0,0,0,0,0,0,0,0,0,0,0,0,0,0,0,0,0,0,0,0,0,0,0,0,0,0,0,0,0,0,0,0,0,0,0,0,0,0,0,0,0,0,0,0,0,0,0,0,0,0,0,0,0,0,0,0,0,0,0,0,0,0,0,
0,0,0,0,0,0,0,0,0,0,0,0,0,0,0,0,0,0,0,0,0,0,0,0,0,0,0,0,0,0,0,0,0,0,0,0,0,0,0,0,0,0,0,0,0,0,0,0,0,0,0,0,0,0,0,0,0,0,0,0,0,0,0,0,0,0,0,0,0,0,0,0,0,0,0,0,0,0,
0,0,0,0,0,0,0,0,0,0,0,0,0,0,0,0,0,0,0,0,0,0,0,0,0,0,0,0,0,0,0,0,0,0,0,0,0,0,0,0,0,0,0,0,0,0,0,0,0,0,0,0,0,0,0,0,0,0,0,0,0,0,0,0,0,0,0,0,0,0,0,0,0,0,0,0,0,0,
0,0,0,0,0,0,0,0,0,0,0,0,0,0,0,0,0,0,0,0,0,0,0,0,0,0,0,0,0,0,0,0,0,0,0,0,0,0,0,0,0,0,0,0,0,0,0,0,0,0,0,0,0,0,0,0,0,0,0,0,0,0,0,0,0,0,0,0,0,0,0,0,0,0,0,0,0,0,
0,0,0,0,0,0,0,0,0,0,0,0,0,0,0,0,0,0,0,0,0,0,0,0,0,0,0,0,0,0,0,0,0,0,0,0,0,0,0,0,0,0,0,0,0,0,0,0,0,0,0,0,0,0,0,0,0,0,0,0,0,0,0,0,0,0,0,0,0,0,0,0,0,0,0,0,0,0,
0,0,0,0,0,0,0,0,0,0,0,0,0,0,0,0,0,0,0,0,0,0,0,0,0,0,0,0,0,0,0,0,0,0,0,0,0,0,0,0,0,0,0,0,0,0,0,0,0,0,0,0,0,0,0,0,0,0,0,0,0,0,0,0,0,0,0,0,0,0,0,0,0,0,0,0,0,0,
0,0,0,0,0,0,0,0,0,0,0,0,0,0,0,0,0,0,0,0,0,0,0,0,0,0,0,0,0,0,0,0,0,0,0,0,0,0,0,0,0,0,0,0,0,0,0,0,0,0,0,0,0,0,0,0,0,0,0,0,0,0,0,0,0,0,0,0,0,0,0,0,0,0,0,0,0,0,
0,0,0,0,0,0,0,0,0,0,0,0,0,0,0,0,0,0,0,0,0,0,0,0,0,0,0,0,0,0,0,0,0,0,0,0,0,0,0,0,0,0,0,0,0,0,0,0,0,0,0,0,0,0,0,0,0,0,0,0,0,0,0,0,0,0,0,0,0,0,0,0,0,0,0,0,0,0,
0,0,0,0,0,0,0,0,0,0,0,0,0,0,0,0,0,0,0,0,0,0,0,0,0,0,0,0,0,0,0,0,0,0,0,0,0,0,0,0,0,0,0,0,0,0,0,0,0,0,0,0,0,0,0,0,0,0,0,0,0,0,0,0,0,0,0,0,0,0,0,0,0,0,0,0,0,0,
0,0,0,0,0,0,0,0,0,0,0,0,0,0,0,0,0,0,0,0,0,0,0,0,0,0,0,0,0,0,0,0,0,0,0,0,0,0,0,0,0,0,0,0,0,0,0,0,0,0,0,0,0,0,0,0,0,0,0,0,0,0,0,0,0,0,0,0,0,0,0,0,0,0,0,0,0,0,
0,0,0,0,0,0,0,0,0,0,0,0,0,0,0,0,0,0,0,0,0,0,0,0,0,0,0,0,0,0,0,0,0,0,0,0,0,0,0,0,0,0,0,0,0,0,0,0,0,0,0,0,0,0,0,0,0,0,0,0,0,0,0,0,0,0,0,0,0,0,0,0,0,0,0,0,0,0,
0,0,0,0,0,0,0,0,0,0,0,0,0,0,0,0,0,0,0,0,0,0,0,0,0,0,0,0,0,0,0,0,0,0,0,0,0,0,0,0,0,0,0,0,0,0,0,0,0,0,0,0,0,0,0,0,0,0,0,0,0,0,0,0,0,0,0,0,0,0,0,0,0,0,0,0,0,0,
0,0,0,0,0,0,0,0,0,0,0,0,0,0,0,0,0,0,0,0,0,0,0,0,0,0,0,0,0,0,0,0,0,0,0,0,0,0,0,0,0,0,0,0,0,0,0,0,0,0,0,0,0,0,0,0,0,0,0,0,0,0,0,0,0,0,0,0,0,0,0,0,0,0,0,0,0,0,
0,0,0,0,0,0,0,0,0,0,0,0,0,0,0,0,0,0,0,0,0,0,0,0,0,0,0,0,0,0,0,0,0,0,0,0,0,0,0,0,0,0,0,0,0,0,0,0,0,0,0,0,0,0,0,0,0,0,0,0,0,0,0,0,0,0,0,0,0,0,0,0,0,0,0,0,0,0,
0,0,0,0,0,0,0,0,0,0,0,0,0,0,0,0,0,0,0,0,0,0,0,0,0,0,0,0,0,0,0,0,0,0,0,0,0,0,0,0,0,0,0,0,0,0,0,0,0,0,0,0,0,0,0,0,0,0,0,0,0,0,0,0,0,0,0,0,0,0,0,0,0,0,0,0,0,0,
0,0,0,0,0,0,0,0,0,0,0,0,0,0,0,0,0,0,0,0,0,0,0,0,0,0,0,0,0,0,0,0,0,0,0,0,0,0,0,0,0,0,0,0,0,0,0,0,0,0,0,0,0,0,0,0,0,0,0,0,0,0,0,0,0,0,0,0,0,0,0,0,0,0,0,0,0,0,
0,0,0,0,0,0,0,0,0,0,0,0,0,0,0,0,0,0,0,0,0,0,0,0,0,0,0,0,0,0,0,0,0,0,0,0,0,0,0,0,0,0,0,0,0,0,0,0,0,0,0,0,0,0,0,0,0,0,0,0,0,0,0,0,0,0,0,0,0,0,0,0,0,0,0,0,0,0,
0,0,0,0,0,0,0,0,0,0,0,0,0,0,0,0,0,0,0,0,0,0,0,0,0,0,0,0,0,0,0,0,0,0,0,0,0,0,0,0,0,0,0,0,0,0,0,0,0,0,0,0,0,0,0,0,0,0,0,0,0,0,0,0,0,0,0,0,0,0,0,0,0,0,0,0,0,0,
0,0,0,0,0,0,0,0,0,0,0,0,0,0,0,0,0,0,0,0,0,0,0,0,0,0,0,0,0,0,0,0,0,0,0,0,0,0,0,0,0,0,0,0,0,0,0,0,0,0,0,0,0,0,0,0,0,0,0,0,0,0,0,0,0,0,0,0,0,0,0,0,0,0,0,0,0,0,
0,0,0,0,0,0,0,0,0,0,0,0,0,0,0,0,0,0,0,0,0,0,0,0,0,0,0,0,0,0,0,0,0,0,0,0,0,0,0,0,0,0,0,0,0,0,0,0,0,0,0,0,0,0,0,0,0,0,0,0,0,0,0,0,0,0,0,0,0,0,0,0,0,0,0,0,0,0,
0,0,0,0,0,0,0,0,0,0,0,0,0,0,0,0,0,0,0,0,0,0,0,0,0,0,0,0,0,0,0,0,0,0,0,0,0,0,0,0,0,0,0,0,0,0,0,0,0,0,0,0,0,0,0,0,0,0,0,0,0,0,0,0,0,0,0,0,0,0,0,0,0,0,0,0,0,0,
0,0,0,0,0,0,0,0,0,0,0,0,0,0,0,0,0,0,0,0,0,0,0,0,0,0,0,0,0,0,0,0,0,0,0,0,0,0,0,0,0,0,0,0,0,0,0,0,0,0,0,0,0,0,0,0,0,0,0,0,0,0,0,0,0,0,0,0,0,0,0,0,0,0,0,0,0,0,
0,0,0,0,0,0,0,0,0,0,0,0,0,0,0,0,0,0,0,0,0,0,0,0,0,0,0,0,0,0,0,0,0,0,0,0,0,0,0,0,0,0,0,0,0,0,0,0,0,0,0,0,0,0,0,0,0,0,0,0,0,0,0,0,0,0,0,0,0,0,0,0,0,0,0,0,0,0,
0,0,0,0,0,0,0,0,0,0,0,0,0,0,0,0,0,0,0,0,0,0,0,0,0,0,0,0,0,0,0,0,0,0,0,0,0,0,0,0,0,0,0,0,0,0,0,0,0,0,0,0,0,0,0,0,0,0,0,0,0,0,0,0,0,0,0,0,0,0,0,0,0,0,0,0,0,0,
0,0,0,0,0,0,0,0,0,0,0,0,0,0,0,0,0,0,0,0,0,0,0,0,0,0,0,0,0,0,0,0,0,0,0,0,0,0,0,0,0,0,0,0,0,0,0,0,0,0,0,0,0,0,0,0,0,0,0,0,0,0,0,0,0,0,0,0,0,0,0,0,0,0,0,0,0,0,
0,0,0,0,0,0,0,0,0,0,0,0,0,0,0,0,0,0,0,0,0,0,0,0,0,0,0,0,0,0,0,0,0,0,0,0,0,0,0,0,0,0,0,0,0,0,0,0,0,0,0,0,0,0,0,0,0,0,0,0,0,0,0,0,0,0,0,0,0,0,0,0,0,0,0,0,0,0,
0,0,0,0,0,0,0,0,0,0,0,0,0,0,0,0,0,0,0,0,0,0,0,0,0,0,0,0,0,0,0,0,0,0,0,0,0,0,0,0,0,0,0,0,0,0,0,0,0,0,0,0,0,0,0,0,0,0,0,0,0,0,0,0,0,0,0,0,0,0,0,0,0,0,0,0,0,0,
0,0,0,0,0,0,0,0,0,0,0,0,0,0,0,0,0,0,0,0,0,0,0,0,0,0,0,0,0,0,0,0,0,0,0,0,0,0,0,0,0,0,0,0,0,0,0,0,0,0,0,0,0,0,0,0,0,0,0,0,0,0,0,0,0,0,0,0,0,0,0,0,0,0,0,0,0,0,
0,0,0,0,0,0,0,0,0,0,0,0,0,0,0,0,0,0,0,0,0,0,0,0,0,0,0,0,0,0,0,0,0,0,0,0,0,0,0,0,0,0,0,0,0,0,0,0,0,0,0,0,0,0,0,0,0,0,0,0,0,0,0,0,0,0,0,0,0,0,0,0,0,0,0,0,0,0,
0,0,0,0,0,0,0,0,0,0,0,0,0,0,0,0,0,0,0,0,0,0,0,0,0,0,0,0,0,0,0,0,0,0,0,0,0,0,0,0,0,0,0,0,0,0,0,0,0,0,0,0,0,0,0,0,0,0,0,0,0,0,0,0,0,0,0,0,0,0,0,0,0,0,0,0,0,0,
0,0,0,0,0,0,0,0,0,0,0,0,0,0,0,0,0,0,0,0,0,0,0,0,0,0,0,0,0,0,0,0,0,0,0,0,0,0,0,0,0,0,0,0,0,0,0,0,0,0,0,0,0,0,0,0,0,0,0,0,0,0,0,0,0,0,0,0,0,0,0,0,0,0,0,0,0,0,
0,0,0,0,0,0,0,0,0,0,0,0,0,0,0,0,0,0,0,0,0,0,0,0,0,0,0,0,0,0,0,0,0,0,0,0,0,0,0,0,0,0,0,0,0,0,0,0,0,0,0,0,0,0,0,0,0,0,0,0,0,0,0,0,0,0,0,0,0,0,0,0,0,0,0,0,0,0,
0,0,0,0,0,0,0,0,0,0,0,0,0,0,0,0,0,0,0,0,0,0,0,0,0,0,0,0,0,0,0,0,0,0,0,0,0,0,0,0,0,0,0,0,0,0,0,0,0,0,0,0,0,0,0,0,0,0,0,0,0,0,0,0,0,0,0,0,0,0,0,0,0,0,0,0,0,0,
0,0,0,0,0,0,0,0,0,0,0,0,0,0,0,0,0,0,0,0,0,0,0,0,0,0,0,0,0,0,0,0,0,0,0,0,0,0,0,0,0,0,0,0,0,0,0,0,0,0,0,0,0,0,0,0,0,0,0,0,0,0,0,0,0,0,0,0,0,0,0,0,0,0,0,0,0,0,
0,0,0,0,0,0,0,0,0,0,0,0,0,0,0,0,0,0,0,0,0,0,0,0,0,0,0,0,0,0,0,0,0,0,0,0,0,0,0,0,0,0,0,0,0,0,0,0,0,0,0,0,0,0,0,0,0,0,0,0,0,0,0,0,0,0,0,0,0,0,0,0,0,0,0,0,0,0,
0,0,0,0,0,0,0,0,0,0,0,0,0,0,0,0,0,0,0,0,0,0,0,0,0,0,0,0,0,0,0,0,0,0,0,0,0,0,0,0,0,0,0,0,0,0,0,0,0,0,0,0,0,0,0,0,0,0,0,0,0,0,0,0,0,0,0,0,0,0,0,0,0,0,0,0,0,0,
0,0,0,0,0,0,0,0,0,0,0,0,0,0,0,0,0,0,0,0,0,0,0,0,0,0,0,0,0,0,0,0,0,0,0,0,0,0,0,0,0,0,0,0,0,0,0,0,0,0,0,0,0,0,0,0,0,0,0,0,0,0,0,0,0,0,0,0,0,0,0,0,0,0,0,0,0,0,
0,0,0,0,0,0,0,0,0,0,0,0,0,0,0,0,0,0,0,0,0,0,0,0,0,0,0,0,0,0,0,0,0,0,0,0,0,0,0,0,0,0,0,0,0,0,0,0,0,0,0,0,0,0,0,0,0,0,0,0,0,0,0,0,0,0,0,0,0,0,0,0,0,0,0,0,0,0,
0,0,0,0,0,0,0,0,0,0,0,0,0,0,0,0,0,0,0,0,0,0,0,0,0,0,0,0,0,0,0,0,0,0,0,0,0,0,0,0,0,0,0,0,0,0,0,0,0,0,0,0,0,0,0,0,0,0,0,0,0,0,0,0,0,0,0,0,0,0,0,0,0,0,0,0,0,0,
0,0,0,0,0,0,0,0,0,0,0,0,0,0,0,0,0,0,0,0,0,0,0,0,0,0,0,0,0,0,0,0,0,0,0,0,0,0,0,0,0,0,0,0,0,0,0,0,0,0,0,0,0,0,0,0,0,0,0,0,0,0,0,0,0,0,0,0,0,0,0,0,0,0,0,0,0,0,
0,0,0,0,0,0,0,0,0,0,0,0,0,0,0,0,0,0,0,0,0,0,0,0,0,0,0,0,0,0,0,0,0,0,0,0,0,0,0,0,0,0,0,0,0,0,0,0,0,0,0,0,0,0,0,0,0,0,0,0,0,0,0,0,0,0,0,0,0,0,0,0,0,0,0,0,0,0,
0,0,0,0,0,0,0,0,0,0,0,0,0,0,0,0,0,0,0,0,0,0,0,0,0,0,0,0,0,0,0,0,0,0,0,0,0,0,0,0,0,0,0,0,0,0,0,0,0,0,0,0,0,0,0,0,0,0,0,0,0,0,0,0,0,0,0,0,0,0,0,0,0,0,0,0,0,0,
0,0,0,0,0,0,0,0,0,0,0,0,0,0,0,0,0,0,0,0,0,0,0,0,0,0,0,0,0,0,0,0,0,0,0,0,0,0,0,0,0,0,0,0,0,0,0,0,0,0,0,0,0,0,0,0,0,0,0,0,0,0,0,0,0,0,0,0,0,0,0,0,0,0,0,0,0,0,
0,0,0,0,0,0,0,0,0,0,0,0,0,0,0,0,0,0,0,0,0,0,0,0,0,0,0,0,0,0,0,0,0,0,0,0,0,0,0,0,0,0,0,0,0,0,0,0,0,0,0,0,0,0,0,0,0,0,0,0,0,0,0,0,0,0,0,0,0,0,0,0,0,0,0,0,0,0,
0,0,0,0,0,0,0,0,0,0,0,0,0,0,0,0,0,0,0,0,0,0,0,0,0,0,0,0,0,0,0,0,0,0,0,0,0,0,0,0,0,0,0,0,0,0,0,0,0,0,0,0,0,0,0,0,0,0,0,0,0,0,0,0,0,0,0,0,0,0,0,0,0,0,0,0,0,0,
0,0,0,0,0,0,0,0,0,0,0,0,0,0,0,0,0,0,0,0,0,0,0,0,0,0,0,0,0,0,0,0,0,0,0,0,0,0,0,0,0,0,0,0,0,0,0,0,0,0,0,0,0,0,0,0,0,0,0,0,0,0,0,0,0,0,0,0,0,0,0,0,0,0,0,0,0,0,
0,0,0,0,0,0,0,0,0,0,0,0,0,0,0,0,0,0,0,0,0,0,0,0,0,0,0,0,0,0,0,0,0,0,0,0,0,0,0,0,0,0,0,0,0,0,0,0,0,0,0,0,0,0,0,0,0,0,0,0,0,0,0,0,0,0,0,0,0,0,0,0,0,0,0,0,0,0,
0,0,0,0,0,0,0,0,0,0,0,0,0,0,0,0,0,0,0,0,0,0,0,0,0,0,0,0,0,0,0,0,0,0,0,0,0,0,0,0,0,0,0,0,0,-4.52092,-2.86229e-16,20.1223,0,0,0,0,0,0,0,0,0,-5.27341,-3.33067e-16,23.4716,0,0,0,0,0,0,0,0,0,0,0,0,0,0,0,0,0,0,
0,0,0,0,0,0,0,0,0,0,0,0,0,0,0,0,0,0,0,0,0,0,0,0,0,0,0,0,0,0,0,0,0,0,0,0,0,0,0,0,0,0,0,0,0,-4.52092,-2.86229e-16,20.1223,0,0,0,0,0,0,0,0,0,-5.27341,-3.33067e-16,23.4716,0,0,0,0,0,0,0,0,0,0,0,0,0,0,0,0,0,0,
0,0,0,0,0,0,0,0,0,0,0,0,0,0,0,0,0,0,0,0,0,0,0,0,0,0,0,0,0,0,0,0,0,0,0,0,0,0,0,0,0,0,0,0,0,-4.52092,-2.86229e-16,20.1223,0,0,0,0,0,0,0,0,0,-5.27341,-3.33067e-16,23.4716,0,0,0,0,0,0,0,0,0,0,0,0,0,0,0,0,0,0,
0,0,0,0,0,0,0,0,0,0,0,0,0,0,0,0,0,0,0,0,0,0,0,0,0,0,0,0,0,0,0,0,0,0,0,0,0,0,0,0,0,0,0,0,0,-4.52092,-2.86229e-16,20.1223,0,0,0,0,0,0,0,0,0,-5.27341,-3.33067e-16,23.4716,0,0,0,0,0,0,0,0,0,0,0,0,0,0,0,0,0,0,
0,0,0,0,0,0,0,0,0,0,0,0,0,0,0,0,0,0,0,0,0,0,0,0,0,0,0,0,0,0,0,0,0,0,0,0,0,0,0,0,0,0,0,0,0,-4.52092,-2.86229e-16,20.1223,0,0,0,0,0,0,0,0,0,-5.27341,-3.33067e-16,23.4716,0,0,0,0,0,0,0,0,0,0,0,0,0,0,0,0,0,0,
0,0,0,0,0,0,0,0,0,0,0,0,0,0,0,0,0,0,0,0,0,0,0,0,0,0,0,0,0,0,0,0,0,0,0,0,0,0,0,0,0,0,0,0,0,-4.52092,-2.86229e-16,20.1223,0,0,0,0,0,0,0,0,0,-5.27341,-3.33067e-16,23.4716,0,0,0,0,0,0,0,0,0,0,0,0,0,0,0,0,0,0,
0,0,0,0,0,0,0,0,0,0,0,0,0,0,0,0,0,0,0,0,0,0,0,0,0,0,0,0,0,0,0,0,0,0,0,0,0,0,0,0,0,0,0,0,0,-4.52092,-2.86229e-16,20.1223,0,0,0,0,0,0,0,0,0,-5.27341,-3.33067e-16,23.4716,0,0,0,0,0,0,0,0,0,0,0,0,0,0,0,0,0,0,
0,0,0,0,0,0,0,0,0,0,0,0,0,0,0,0,0,0,0,0,0,0,0,0,0,0,0,0,0,0,0,0,0,0,0,0,0,0,0,0,0,0,0,0,0,-4.52092,-2.86229e-16,20.1223,0,0,0,0,0,0,0,0,0,-5.27341,-3.33067e-16,23.4716,0,0,0,0,0,0,0,0,0,0,0,0,0,0,0,0,0,0,
0,0,0,0,0,0,0,0,0,0,0,0,0,0,0,0,0,0,0,0,0,0,0,0,0,0,0,0,0,0,0,0,0,0,0,0,0,0,0,0,0,0,0,0,0,-4.52092,-2.86229e-16,20.1223,0,0,0,0,0,0,0,0,0,-5.27341,-3.33067e-16,23.4716,0,0,0,0,0,0,0,0,0,0,0,0,0,0,0,0,0,0,
0,0,0,0,0,0,0,0,0,0,0,0,0,0,0,0,0,0,0,0,0,0,0,0,0,0,0,0,0,0,0,0,0,-5.03047,-3.19189e-16,22.3903,0,0,0,0,0,0,0,0,0,-9.21299,-5.82867e-16,41.0064,0,0,0,0,0,0,0,0,0,-14.0146,-8.86444e-16,62.3779,0,0,0,-6.56584,-4.16334e-16,29.2241,0,0,0,-3.46813,-2.18575e-16,15.4364,0,0,0,-6.56584,-4.16334e-16,29.2241,
0,0,0,0,0,0,0,0,0,0,0,0,0,0,0,0,0,0,0,0,0,0,0,0,0,0,0,0,0,0,0,0,0,-5.03047,-3.19189e-16,22.3903,0,0,0,0,0,0,0,0,0,-9.21299,-5.82867e-16,41.0064,0,0,0,0,0,0,0,0,0,-14.0146,-8.86444e-16,62.3779,0,0,0,-6.56584,-4.16334e-16,29.2241,0,0,0,-3.46813,-2.18575e-16,15.4364,0,0,0,-6.56584,-4.16334e-16,29.2241,
0,0,0,0,0,0,0,0,0,0,0,0,0,0,0,0,0,0,0,0,0,0,0,0,0,0,0,0,0,0,0,0,0,-5.03047,-3.19189e-16,22.3903,0,0,0,0,0,0,0,0,0,-9.21299,-5.82867e-16,41.0064,0,0,0,0,0,0,0,0,0,-14.0146,-8.86444e-16,62.3779,0,0,0,-6.56584,-4.16334e-16,29.2241,0,0,0,-3.46813,-2.18575e-16,15.4364,0,0,0,-6.56584,-4.16334e-16,29.2241,
0,0,0,0,0,0,0,0,0,0,0,0,0,0,0,0,0,0,0,0,0,0,0,0,0,0,0,0,0,0,0,0,0,-5.03047,-3.19189e-16,22.3903,0,0,0,0,0,0,0,0,0,-9.21299,-5.82867e-16,41.0064,0,0,0,0,0,0,0,0,0,-14.0146,-8.86444e-16,62.3779,0,0,0,-6.56584,-4.16334e-16,29.2241,0,0,0,-3.46813,-2.18575e-16,15.4364,0,0,0,-6.56584,-4.16334e-16,29.2241,
0,0,0,0,0,0,0,0,0,0,0,0,0,0,0,0,0,0,0,0,0,0,0,0,0,0,0,0,0,0,0,0,0,-5.03047,-3.19189e-16,22.3903,0,0,0,0,0,0,0,0,0,-9.21299,-5.82867e-16,41.0064,0,0,0,0,0,0,0,0,0,-14.0146,-8.86444e-16,62.3779,0,0,0,-6.56584,-4.16334e-16,29.2241,0,0,0,-3.46813,-2.18575e-16,15.4364,0,0,0,-6.56584,-4.16334e-16,29.2241,
0,0,0,0,0,0,0,0,0,0,0,0,0,0,0,0,0,0,0,0,0,0,0,0,0,0,0,0,0,0,0,0,0,-5.03047,-3.19189e-16,22.3903,0,0,0,0,0,0,0,0,0,-9.21299,-5.82867e-16,41.0064,0,0,0,0,0,0,0,0,0,-14.0146,-8.86444e-16,62.3779,0,0,0,-6.56584,-4.16334e-16,29.2241,0,0,0,-3.46813,-2.18575e-16,15.4364,0,0,0,-6.56584,-4.16334e-16,29.2241,
0,0,0,0,0,0,0,0,0,0,0,0,0,0,0,0,0,0,0,0,0,0,0,0,0,0,0,0,0,0,0,0,0,-5.03047,-3.19189e-16,22.3903,0,0,0,0,0,0,0,0,0,-9.21299,-5.82867e-16,41.0064,0,0,0,0,0,0,0,0,0,-14.0146,-8.86444e-16,62.3779,0,0,0,-6.56584,-4.16334e-16,29.2241,0,0,0,-3.46813,-2.18575e-16,15.4364,0,0,0,-6.56584,-4.16334e-16,29.2241,
0,0,0,0,0,0,0,0,0,0,0,0,0,0,0,0,0,0,0,0,0,0,0,0,0,0,0,0,0,0,0,0,0,-5.03047,-3.19189e-16,22.3903,0,0,0,0,0,0,0,0,0,-9.21299,-5.82867e-16,41.0064,0,0,0,0,0,0,0,0,0,-14.0146,-8.86444e-16,62.3779,0,0,0,-6.56584,-4.16334e-16,29.2241,0,0,0,-3.46813,-2.18575e-16,15.4364,0,0,0,-6.56584,-4.16334e-16,29.2241,
0,0,0,0,0,0,0,0,0,0,0,0,0,0,0,0,0,0,0,0,0,0,0,0,0,0,0,0,0,0,0,0,0,-5.03047,-3.19189e-16,22.3903,0,0,0,0,0,0,0,0,0,-9.21299,-5.82867e-16,41.0064,0,0,0,0,0,0,0,0,0,-14.0146,-8.86444e-16,62.3779,0,0,0,-6.56584,-4.16334e-16,29.2241,0,0,0,-3.46813,-2.18575e-16,15.4364,0,0,0,-6.56584,-4.16334e-16,29.2241,
0,0,0,0,0,0,0,0,0,0,0,0,0,0,0,0,0,0,0,0,0,0,0,0,0,0,0,0,0,0,0,0,0,-5.03047,-3.19189e-16,22.3903,0,0,0,0,0,0,0,0,0,-9.21299,-5.82867e-16,41.0064,0,0,0,0,0,0,0,0,0,-14.0146,-8.86444e-16,62.3779,0,0,0,-6.56584,-4.16334e-16,29.2241,0,0,0,-3.46813,-2.18575e-16,15.4364,0,0,0,-6.56584,-4.16334e-16,29.2241,
0,0,0,0,0,0,0,0,0,0,0,0,0,0,0,0,0,0,0,0,0,0,0,0,0,0,0,0,0,0,0,0,0,-5.03047,-3.19189e-16,22.3903,0,0,0,0,0,0,0,0,0,-9.21299,-5.82867e-16,41.0064,0,0,0,0,0,0,0,0,0,-14.0146,-8.86444e-16,62.3779,0,0,0,-6.56584,-4.16334e-16,29.2241,0,0,0,-3.46813,-2.18575e-16,15.4364,0,0,0,-6.56584,-4.16334e-16,29.2241,
0,0,0,0,0,0,0,0,0,0,0,0,0,0,0,0,0,0,0,0,0,0,0,0,0,0,0,0,0,0,0,0,0,-5.03047,-3.19189e-16,22.3903,0,0,0,0,0,0,0,0,0,-9.21299,-5.82867e-16,41.0064,0,0,0,0,0,0,0,0,0,-14.0146,-8.86444e-16,62.3779,0,0,0,-6.56584,-4.16334e-16,29.2241,0,0,0,-3.46813,-2.18575e-16,15.4364,0,0,0,-6.56584,-4.16334e-16,29.2241,
0,0,0,0,0,0,0,0,0,0,0,0,0,0,0,0,0,0,0,0,0,0,0,0,0,0,0,0,0,0,0,0,0,-5.03047,-3.19189e-16,22.3903,0,0,0,0,0,0,0,0,0,-9.21299,-5.82867e-16,41.0064,0,0,0,0,0,0,0,0,0,-14.0146,-8.86444e-16,62.3779,0,0,0,-6.56584,-4.16334e-16,29.2241,0,0,0,-3.46813,-2.18575e-16,15.4364,0,0,0,-6.56584,-4.16334e-16,29.2241,
0,0,0,0,0,0,0,0,0,0,0,0,0,0,0,0,0,0,0,0,0,0,0,0,0,0,0,0,0,0,0,0,0,-5.03047,-3.19189e-16,22.3903,0,0,0,0,0,0,0,0,0,-9.21299,-5.82867e-16,41.0064,0,0,0,0,0,0,0,0,0,-14.0146,-8.86444e-16,62.3779,0,0,0,-6.56584,-4.16334e-16,29.2241,0,0,0,-3.46813,-2.18575e-16,15.4364,0,0,0,-6.56584,-4.16334e-16,29.2241,
0,0,0,0,0,0,0,0,0,0,0,0,0,0,0,0,0,0,0,0,0,0,0,0,0,0,0,0,0,0,0,0,0,-5.03047,-3.19189e-16,22.3903,0,0,0,0,0,0,0,0,0,-9.21299,-5.82867e-16,41.0064,0,0,0,0,0,0,0,0,0,-14.0146,-8.86444e-16,62.3779,0,0,0,-6.56584,-4.16334e-16,29.2241,0,0,0,-3.46813,-2.18575e-16,15.4364,0,0,0,-6.56584,-4.16334e-16,29.2241,
0,0,0,0,0,0,0,0,0,0,0,0,0,0,0,0,0,0,0,0,0,0,0,0,0,0,0,0,0,0,0,0,0,-5.03047,-3.19189e-16,22.3903,0,0,0,0,0,0,0,0,0,-9.21299,-5.82867e-16,41.0064,0,0,0,0,0,0,0,0,0,-14.0146,-8.86444e-16,62.3779,0,0,0,-6.56584,-4.16334e-16,29.2241,0,0,0,-3.46813,-2.18575e-16,15.4364,0,0,0,-6.56584,-4.16334e-16,29.2241,
0,0,0,0,0,0,0,0,0,0,0,0,0,0,0,0,0,0,0,0,0,0,0,0,0,0,0,0,0,0,0,0,0,-5.03047,-3.19189e-16,22.3903,0,0,0,0,0,0,0,0,0,-9.21299,-5.82867e-16,41.0064,0,0,0,0,0,0,0,0,0,-14.0146,-8.86444e-16,62.3779,0,0,0,-6.56584,-4.16334e-16,29.2241,0,0,0,-3.46813,-2.18575e-16,15.4364,0,0,0,-6.56584,-4.16334e-16,29.2241,
0,0,0,0,0,0,0,0,0,0,0,0,0,0,0,0,0,0,0,0,0,0,0,0,0,0,0,0,0,0,0,0,0,-5.03047,-3.19189e-16,22.3903,0,0,0,0,0,0,0,0,0,-9.21299,-5.82867e-16,41.0064,0,0,0,0,0,0,0,0,0,-14.0146,-8.86444e-16,62.3779,0,0,0,-6.56584,-4.16334e-16,29.2241,0,0,0,-3.46813,-2.18575e-16,15.4364,0,0,0,-6.56584,-4.16334e-16,29.2241,
0,0,0,0,0,0,0,0,0,0,0,0,0,0,0,0,0,0,0,0,0,0,0,0,0,0,0,0,0,0,0,0,0,-5.03047,-3.19189e-16,22.3903,0,0,0,0,0,0,0,0,0,-9.21299,-5.82867e-16,41.0064,0,0,0,0,0,0,0,0,0,-14.0146,-8.86444e-16,62.3779,0,0,0,-6.56584,-4.16334e-16,29.2241,0,0,0,-3.46813,-2.18575e-16,15.4364,0,0,0,-6.56584,-4.16334e-16,29.2241,
0,0,0,0,0,0,0,0,0,0,0,0,0,0,0,0,0,0,0,0,0,0,0,0,0,0,0,0,0,0,0,0,0,-5.03047,-3.19189e-16,22.3903,0,0,0,0,0,0,0,0,0,-9.21299,-5.82867e-16,41.0064,0,0,0,0,0,0,0,0,0,-14.0146,-8.86444e-16,62.3779,0,0,0,-6.56584,-4.16334e-16,29.2241,0,0,0,-3.46813,-2.18575e-16,15.4364,0,0,0,-6.56584,-4.16334e-16,29.2241,
0,0,0,0,0,0,0,0,0,0,0,0,0,0,0,0,0,0,0,0,0,0,0,0,0,0,0,0,0,0,0,0,0,-5.03047,-3.19189e-16,22.3903,0,0,0,0,0,0,0,0,0,-9.21299,-5.82867e-16,41.0064,0,0,0,0,0,0,0,0,0,-14.0146,-8.86444e-16,62.3779,0,0,0,-6.56584,-4.16334e-16,29.2241,0,0,0,-3.46813,-2.18575e-16,15.4364,0,0,0,-6.56584,-4.16334e-16,29.2241,
0,0,0,0,0,0,0,0,0,0,0,0,0,0,0,0,0,0,0,0,0,0,0,0,0,0,0,0,0,0,0,0,0,-5.03047,-3.19189e-16,22.3903,0,0,0,0,0,0,0,0,0,-9.21299,-5.82867e-16,41.0064,0,0,0,0,0,0,0,0,0,-14.0146,-8.86444e-16,62.3779,0,0,0,-6.56584,-4.16334e-16,29.2241,0,0,0,-3.46813,-2.18575e-16,15.4364,0,0,0,-6.56584,-4.16334e-16,29.2241,
0,0,0,0,0,0,0,0,0,0,0,0,0,0,0,0,0,0,0,0,0,0,0,0,0,0,0,0,0,0,0,0,0,-5.03047,-3.19189e-16,22.3903,0,0,0,0,0,0,0,0,0,-9.21299,-5.82867e-16,41.0064,0,0,0,0,0,0,0,0,0,-14.0146,-8.86444e-16,62.3779,0,0,0,-6.56584,-4.16334e-16,29.2241,0,0,0,-3.46813,-2.18575e-16,15.4364,0,0,0,-6.56584,-4.16334e-16,29.2241,
0,0,0,0,0,0,0,0,0,0,0,0,0,0,0,0,0,0,0,0,0,0,0,0,0,0,0,0,0,0,0,0,0,-5.03047,-3.19189e-16,22.3903,0,0,0,0,0,0,0,0,0,-9.21299,-5.82867e-16,41.0064,0,0,0,0,0,0,0,0,0,-14.0146,-8.86444e-16,62.3779,0,0,0,-6.56584,-4.16334e-16,29.2241,0,0,0,-3.46813,-2.18575e-16,15.4364,0,0,0,-6.56584,-4.16334e-16,29.2241,
0,0,0,0,0,0,0,0,0,0,0,0,0,0,0,0,0,0,0,0,0,0,0,0,0,0,0,0,0,0,0,0,0,-5.03047,-3.19189e-16,22.3903,0,0,0,0,0,0,0,0,0,-9.21299,-5.82867e-16,41.0064,0,0,0,0,0,0,0,0,0,-14.0146,-8.86444e-16,62.3779,0,0,0,-6.56584,-4.16334e-16,29.2241,0,0,0,-3.46813,-2.18575e-16,15.4364,0,0,0,-6.56584,-4.16334e-16,29.2241,
0,0,0,0,0,0,0,0,0,0,0,0,0,0,0,0,0,0,0,0,0,0,0,0,0,0,0,0,0,0,0,0,0,-5.03047,-3.19189e-16,22.3903,0,0,0,0,0,0,0,0,0,-9.21299,-5.82867e-16,41.0064,0,0,0,0,0,0,0,0,0,-14.0146,-8.86444e-16,62.3779,0,0,0,-6.56584,-4.16334e-16,29.2241,0,0,0,-3.46813,-2.18575e-16,15.4364,0,0,0,-6.56584,-4.16334e-16,29.2241,
0,0,0,0,0,0,0,0,0,0,0,0,0,0,0,0,0,0,0,0,0,0,0,0,0,0,0,0,0,0,0,0,0,-5.03047,-3.19189e-16,22.3903,0,0,0,0,0,0,0,0,0,-9.21299,-5.82867e-16,41.0064,0,0,0,0,0,0,0,0,0,-14.0146,-8.86444e-16,62.3779,0,0,0,-6.56584,-4.16334e-16,29.2241,0,0,0,-3.46813,-2.18575e-16,15.4364,0,0,0,-6.56584,-4.16334e-16,29.2241,
0,0,0,0,0,0,0,0,0,0,0,0,0,0,0,0,0,0,0,0,0,0,0,0,0,0,0,0,0,0,0,0,0,-10.0885,-6.38378e-16,44.9032,0,0,0,0,0,0,0,0,0,-13.6288,-8.62158e-16,60.6609,0,0,0,0,0,0,0,0,0,-19.6372,-1.2438e-15,87.4038,-4.10337,-2.60209e-16,18.2638,-8.8953,-5.63785e-16,39.5923,0,0,0,-5.83461,-3.67761e-16,25.9694,-4.10337,-2.60209e-16,18.2638,-8.8953,-5.6205e-16,39.5923,
0,0,0,0,0,0,0,0,0,0,0,0,0,0,0,0,0,0,0,0,0,0,0,0,0,0,0,0,0,0,0,0,0,-10.0885,-6.38378e-16,44.9032,0,0,0,0,0,0,0,0,0,-13.6288,-8.62158e-16,60.6609,0,0,0,0,0,0,0,0,0,-19.6372,-1.2438e-15,87.4038,-4.10337,-2.60209e-16,18.2638,-8.8953,-5.63785e-16,39.5923,0,0,0,-5.83461,-3.67761e-16,25.9694,-4.10337,-2.60209e-16,18.2638,-8.8953,-5.6205e-16,39.5923,
0,0,0,0,0,0,0,0,0,0,0,0,0,0,0,0,0,0,0,0,0,0,0,0,0,0,0,0,0,0,0,0,0,-10.0885,-6.38378e-16,44.9032,0,0,0,0,0,0,0,0,0,-13.6288,-8.62158e-16,60.6609,0,0,0,0,0,0,0,0,0,-19.6372,-1.2438e-15,87.4038,-4.10337,-2.60209e-16,18.2638,-8.8953,-5.63785e-16,39.5923,0,0,0,-5.83461,-3.67761e-16,25.9694,-4.10337,-2.60209e-16,18.2638,-8.8953,-5.6205e-16,39.5923,
0,0,0,0,0,0,0,0,0,0,0,0,0,0,0,0,0,0,0,0,0,0,0,0,0,0,0,0,0,0,0,0,0,-10.0885,-6.38378e-16,44.9032,0,0,0,0,0,0,0,0,0,-13.6288,-8.62158e-16,60.6609,0,0,0,0,0,0,0,0,0,-19.6372,-1.2438e-15,87.4038,-4.10337,-2.60209e-16,18.2638,-8.8953,-5.63785e-16,39.5923,0,0,0,-5.83461,-3.67761e-16,25.9694,-4.10337,-2.60209e-16,18.2638,-8.8953,-5.6205e-16,39.5923,
0,0,0,0,0,0,0,0,0,0,0,0,0,0,0,0,0,0,0,0,0,0,0,0,0,0,0,0,0,0,0,0,0,-10.0885,-6.38378e-16,44.9032,0,0,0,0,0,0,0,0,0,-13.6288,-8.62158e-16,60.6609,0,0,0,0,0,0,0,0,0,-19.6372,-1.2438e-15,87.4038,-4.10337,-2.60209e-16,18.2638,-8.8953,-5.63785e-16,39.5923,0,0,0,-5.83461,-3.67761e-16,25.9694,-4.10337,-2.60209e-16,18.2638,-8.8953,-5.6205e-16,39.5923,
0,0,0,0,0,0,0,0,0,0,0,0,0,0,0,0,0,0,0,0,0,0,0,0,0,0,0,0,0,0,0,0,0,-10.0885,-6.38378e-16,44.9032,0,0,0,0,0,0,0,0,0,-13.6288,-8.62158e-16,60.6609,0,0,0,0,0,0,0,0,0,-19.6372,-1.2438e-15,87.4038,-4.10337,-2.60209e-16,18.2638,-8.8953,-5.63785e-16,39.5923,0,0,0,-5.83461,-3.67761e-16,25.9694,-4.10337,-2.60209e-16,18.2638,-8.8953,-5.6205e-16,39.5923,
0,0,0,0,0,0,0,0,0,0,0,0,0,0,0,0,0,0,0,0,0,0,0,0,0,0,0,0,0,0,0,0,0,-10.0885,-6.38378e-16,44.9032,0,0,0,0,0,0,0,0,0,-13.6288,-8.62158e-16,60.6609,0,0,0,0,0,0,0,0,0,-19.6372,-1.2438e-15,87.4038,-4.10337,-2.60209e-16,18.2638,-8.8953,-5.63785e-16,39.5923,0,0,0,-5.83461,-3.67761e-16,25.9694,-4.10337,-2.60209e-16,18.2638,-8.8953,-5.6205e-16,39.5923,
0,0,0,0,0,0,0,0,0,0,0,0,0,0,0,0,0,0,0,0,0,0,0,0,0,0,0,0,0,0,0,0,0,-10.0885,-6.38378e-16,44.9032,0,0,0,0,0,0,0,0,0,-13.6288,-8.62158e-16,60.6609,0,0,0,0,0,0,0,0,0,-19.6372,-1.2438e-15,87.4038,-4.10337,-2.60209e-16,18.2638,-8.8953,-5.63785e-16,39.5923,0,0,0,-5.83461,-3.67761e-16,25.9694,-4.10337,-2.60209e-16,18.2638,-8.8953,-5.6205e-16,39.5923,
0,0,0,0,0,0,0,0,0,0,0,0,0,0,0,0,0,0,0,0,0,0,0,0,0,0,0,0,0,0,0,0,0,-14.5715,-9.22873e-16,64.8565,-4.03515,-2.56739e-16,17.9602,0,0,0,0,0,0,-19.2074,-1.21604e-15,85.4908,-3.97222,-2.51535e-16,17.6801,-3.74198,-2.37657e-16,16.6553,0,0,0,-29.5812,-1.8735e-15,131.664,-5.04816,-3.19189e-16,22.469,-11.9653,-7.58074e-16,53.2567,0,0,0,-10.6026,-6.69603e-16,47.1915,-5.04816,-3.19189e-16,22.469,-11.9653,-7.56339e-16,53.2567,
0,0,0,0,0,0,0,0,0,0,0,0,0,0,0,0,0,0,0,0,0,0,0,0,0,0,0,0,0,0,0,0,0,-14.5715,-9.22873e-16,64.8565,-4.03515,-2.56739e-16,17.9602,0,0,0,0,0,0,-19.2074,-1.21604e-15,85.4908,-3.97222,-2.51535e-16,17.6801,-3.74198,-2.37657e-16,16.6553,0,0,0,-29.5812,-1.8735e-15,131.664,-5.04816,-3.19189e-16,22.469,-11.9653,-7.58074e-16,53.2567,0,0,0,-10.6026,-6.69603e-16,47.1915,-5.04816,-3.19189e-16,22.469,-11.9653,-7.56339e-16,53.2567,
0,0,0,0,0,0,0,0,0,0,0,0,0,0,0,0,0,0,0,0,0,0,0,0,0,0,0,0,0,0,0,0,0,-14.5715,-9.22873e-16,64.8565,-4.03515,-2.56739e-16,17.9602,0,0,0,0,0,0,-19.2074,-1.21604e-15,85.4908,-3.97222,-2.51535e-16,17.6801,-3.74198,-2.37657e-16,16.6553,0,0,0,-29.5812,-1.8735e-15,131.664,-5.04816,-3.19189e-16,22.469,-11.9653,-7.58074e-16,53.2567,0,0,0,-10.6026,-6.69603e-16,47.1915,-5.04816,-3.19189e-16,22.469,-11.9653,-7.56339e-16,53.2567,
0,0,0,0,0,0,0,0,0,0,0,0,0,0,0,0,0,0,0,0,0,0,0,0,0,0,0,0,0,0,0,0,0,-14.5715,-9.22873e-16,64.8565,-4.03515,-2.56739e-16,17.9602,0,0,0,0,0,0,-19.2074,-1.21604e-15,85.4908,-3.97222,-2.51535e-16,17.6801,-3.74198,-2.37657e-16,16.6553,0,0,0,-29.5812,-1.8735e-15,131.664,-5.04816,-3.19189e-16,22.469,-11.9653,-7.58074e-16,53.2567,0,0,0,-10.6026,-6.69603e-16,47.1915,-5.04816,-3.19189e-16,22.469,-11.9653,-7.56339e-16,53.2567,
0,0,0,0,0,0,0,0,0,0,0,0,0,0,0,0,0,0,0,0,0,0,0,0,0,0,0,0,0,0,0,0,0,-14.5715,-9.22873e-16,64.8565,-4.03515,-2.56739e-16,17.9602,0,0,0,0,0,0,-19.2074,-1.21604e-15,85.4908,-3.97222,-2.51535e-16,17.6801,-3.74198,-2.37657e-16,16.6553,0,0,0,-29.5812,-1.8735e-15,131.664,-5.04816,-3.19189e-16,22.469,-11.9653,-7.58074e-16,53.2567,0,0,0,-10.6026,-6.69603e-16,47.1915,-5.04816,-3.19189e-16,22.469,-11.9653,-7.56339e-16,53.2567,
0,0,0,0,0,0,0,0,0,0,0,0,0,0,0,0,0,0,0,0,0,0,0,0,0,0,0,0,0,0,0,0,0,-14.5715,-9.22873e-16,64.8565,-4.03515,-2.56739e-16,17.9602,0,0,0,0,0,0,-19.2074,-1.21604e-15,85.4908,-3.97222,-2.51535e-16,17.6801,-3.74198,-2.37657e-16,16.6553,0,0,0,-29.5812,-1.8735e-15,131.664,-5.04816,-3.19189e-16,22.469,-11.9653,-7.58074e-16,53.2567,0,0,0,-10.6026,-6.69603e-16,47.1915,-5.04816,-3.19189e-16,22.469,-11.9653,-7.56339e-16,53.2567,
0,0,0,0,0,0,0,0,0,0,0,0,0,0,0,0,0,0,0,0,0,0,0,0,0,0,0,0,0,0,0,0,0,-14.5715,-9.22873e-16,64.8565,-4.03515,-2.56739e-16,17.9602,0,0,0,0,0,0,-19.2074,-1.21604e-15,85.4908,-3.97222,-2.51535e-16,17.6801,-3.74198,-2.37657e-16,16.6553,0,0,0,-29.5812,-1.8735e-15,131.664,-5.04816,-3.19189e-16,22.469,-11.9653,-7.58074e-16,53.2567,0,0,0,-10.6026,-6.69603e-16,47.1915,-5.04816,-3.19189e-16,22.469,-11.9653,-7.56339e-16,53.2567,
0,0,0,0,0,0,0,0,0,0,0,0,0,0,0,0,0,0,0,0,0,0,0,0,0,0,0,0,0,0,0,0,0,-14.5715,-9.22873e-16,64.8565,-4.03515,-2.56739e-16,17.9602,0,0,0,0,0,0,-19.2074,-1.21604e-15,85.4908,-3.97222,-2.51535e-16,17.6801,-3.74198,-2.37657e-16,16.6553,0,0,0,-29.5812,-1.8735e-15,131.664,-5.04816,-3.19189e-16,22.469,-11.9653,-7.58074e-16,53.2567,0,0,0,-10.6026,-6.69603e-16,47.1915,-5.04816,-3.19189e-16,22.469,-11.9653,-7.56339e-16,53.2567,
0,0,0,0,0,0,0,0,0,0,0,0,0,0,0,0,0,0,0,0,0,0,0,0,0,0,0,0,0,0,0,0,0,-14.5715,-9.22873e-16,64.8565,-4.03515,-2.56739e-16,17.9602,0,0,0,0,0,0,-19.2074,-1.21604e-15,85.4908,-3.97222,-2.51535e-16,17.6801,-3.74198,-2.37657e-16,16.6553,0,0,0,-29.5812,-1.8735e-15,131.664,-5.04816,-3.19189e-16,22.469,-11.9653,-7.58074e-16,53.2567,0,0,0,-10.6026,-6.69603e-16,47.1915,-5.04816,-3.19189e-16,22.469,-11.9653,-7.56339e-16,53.2567,
0,0,0,0,0,0,0,0,0,0,0,0,0,0,0,0,0,0,0,0,0,0,0,0,0,0,0,0,0,0,0,0,0,-14.5715,-9.22873e-16,64.8565,-4.03515,-2.56739e-16,17.9602,0,0,0,0,0,0,-19.2074,-1.21604e-15,85.4908,-3.97222,-2.51535e-16,17.6801,-3.74198,-2.37657e-16,16.6553,0,0,0,-29.5812,-1.8735e-15,131.664,-5.04816,-3.19189e-16,22.469,-11.9653,-7.58074e-16,53.2567,0,0,0,-10.6026,-6.69603e-16,47.1915,-5.04816,-3.19189e-16,22.469,-11.9653,-7.56339e-16,53.2567,
0,0,0,0,0,0,0,0,0,0,0,0,0,0,0,0,0,0,0,0,0,0,0,0,0,0,0,0,0,0,0,0,0,-26.812,-1.69656e-15,119.338,-6.2645,-3.95517e-16,27.8828,0,0,0,0,0,0,-23.6841,-1.4988e-15,105.416,-5.32109,-3.36536e-16,23.6838,-7.21007,-4.56232e-16,32.0915,0,0,0,-37.5641,-2.37831e-15,167.195,-7.38962,-4.68375e-16,32.8907,-18.1624,-1.15012e-15,80.8394,0,0,0,-14.8377,-9.4022e-16,66.0417,-7.38962,-4.68375e-16,32.8907,-18.1624,-1.14839e-15,80.8394,
0,0,0,0,0,0,0,0,0,0,0,0,0,0,0,0,0,0,0,0,0,0,0,0,0,0,0,0,0,0,0,0,0,-26.812,-1.69656e-15,119.338,-6.2645,-3.95517e-16,27.8828,0,0,0,0,0,0,-23.6841,-1.4988e-15,105.416,-5.32109,-3.36536e-16,23.6838,-7.21007,-4.56232e-16,32.0915,0,0,0,-37.5641,-2.37831e-15,167.195,-7.38962,-4.68375e-16,32.8907,-18.1624,-1.15012e-15,80.8394,0,0,0,-14.8377,-9.4022e-16,66.0417,-7.38962,-4.68375e-16,32.8907,-18.1624,-1.14839e-15,80.8394,
0,0,0,0,0,0,0,0,0,0,0,0,0,0,0,0,0,0,0,0,0,0,0,0,0,0,0,0,0,0,0,0,0,-26.812,-1.69656e-15,119.338,-6.2645,-3.95517e-16,27.8828,0,0,0,0,0,0,-23.6841,-1.4988e-15,105.416,-5.32109,-3.36536e-16,23.6838,-7.21007,-4.56232e-16,32.0915,0,0,0,-37.5641,-2.37831e-15,167.195,-7.38962,-4.68375e-16,32.8907,-18.1624,-1.15012e-15,80.8394,0,0,0,-14.8377,-9.4022e-16,66.0417,-7.38962,-4.68375e-16,32.8907,-18.1624,-1.14839e-15,80.8394,
0,0,0,0,0,0,0,0,0,0,0,0,0,0,0,0,0,0,0,0,0,0,0,0,0,0,0,0,0,0,0,0,0,-26.812,-1.69656e-15,119.338,-6.2645,-3.95517e-16,27.8828,0,0,0,0,0,0,-23.6841,-1.4988e-15,105.416,-5.32109,-3.36536e-16,23.6838,-7.21007,-4.56232e-16,32.0915,0,0,0,-37.5641,-2.37831e-15,167.195,-7.38962,-4.68375e-16,32.8907,-18.1624,-1.15012e-15,80.8394,0,0,0,-14.8377,-9.4022e-16,66.0417,-7.38962,-4.68375e-16,32.8907,-18.1624,-1.14839e-15,80.8394,
0,0,0,0,0,0,0,0,0,0,0,0,0,0,0,0,0,0,0,0,0,0,0,0,0,0,0,0,0,0,0,0,0,-26.812,-1.69656e-15,119.338,-6.2645,-3.95517e-16,27.8828,0,0,0,0,0,0,-23.6841,-1.4988e-15,105.416,-5.32109,-3.36536e-16,23.6838,-7.21007,-4.56232e-16,32.0915,0,0,0,-37.5641,-2.37831e-15,167.195,-7.38962,-4.68375e-16,32.8907,-18.1624,-1.15012e-15,80.8394,0,0,0,-14.8377,-9.4022e-16,66.0417,-7.38962,-4.68375e-16,32.8907,-18.1624,-1.14839e-15,80.8394,
0,0,0,0,0,0,0,0,0,0,0,0,0,0,0,0,0,0,0,0,0,0,0,0,0,0,0,0,0,0,0,0,0,-26.812,-1.69656e-15,119.338,-6.2645,-3.95517e-16,27.8828,0,0,0,0,0,0,-23.6841,-1.4988e-15,105.416,-5.32109,-3.36536e-16,23.6838,-7.21007,-4.56232e-16,32.0915,0,0,0,-37.5641,-2.37831e-15,167.195,-7.38962,-4.68375e-16,32.8907,-18.1624,-1.15012e-15,80.8394,0,0,0,-14.8377,-9.4022e-16,66.0417,-7.38962,-4.68375e-16,32.8907,-18.1624,-1.14839e-15,80.8394,
0,0,0,0,0,0,0,0,0,0,0,0,0,0,0,0,0,0,0,0,0,0,0,0,0,0,0,0,0,0,0,0,0,-26.812,-1.69656e-15,119.338,-6.2645,-3.95517e-16,27.8828,0,0,0,0,0,0,-23.6841,-1.4988e-15,105.416,-5.32109,-3.36536e-16,23.6838,-7.21007,-4.56232e-16,32.0915,0,0,0,-37.5641,-2.37831e-15,167.195,-7.38962,-4.68375e-16,32.8907,-18.1624,-1.15012e-15,80.8394,0,0,0,-14.8377,-9.4022e-16,66.0417,-7.38962,-4.68375e-16,32.8907,-18.1624,-1.14839e-15,80.8394,
0,0,0,0,0,0,0,0,0,0,0,0,0,0,0,0,0,0,0,0,0,0,0,0,0,0,0,0,0,0,0,0,0,-26.812,-1.69656e-15,119.338,-6.2645,-3.95517e-16,27.8828,0,0,0,0,0,0,-23.6841,-1.4988e-15,105.416,-5.32109,-3.36536e-16,23.6838,-7.21007,-4.56232e-16,32.0915,0,0,0,-37.5641,-2.37831e-15,167.195,-7.38962,-4.68375e-16,32.8907,-18.1624,-1.15012e-15,80.8394,0,0,0,-14.8377,-9.4022e-16,66.0417,-7.38962,-4.68375e-16,32.8907,-18.1624,-1.14839e-15,80.8394,
0,0,0,0,0,0,0,0,0,0,0,0,0,0,0,0,0,0,0,0,0,0,0,0,0,0,0,0,0,0,0,0,0,-26.812,-1.69656e-15,119.338,-6.2645,-3.95517e-16,27.8828,0,0,0,0,0,0,-23.6841,-1.4988e-15,105.416,-5.32109,-3.36536e-16,23.6838,-7.21007,-4.56232e-16,32.0915,0,0,0,-37.5641,-2.37831e-15,167.195,-7.38962,-4.68375e-16,32.8907,-18.1624,-1.15012e-15,80.8394,0,0,0,-14.8377,-9.4022e-16,66.0417,-7.38962,-4.68375e-16,32.8907,-18.1624,-1.14839e-15,80.8394,
0,0,0,0,0,0,0,0,0,0,0,0,0,0,0,0,0,0,0,0,0,0,0,0,0,0,0,0,0,0,0,0,0,-26.812,-1.69656e-15,119.338,-6.2645,-3.95517e-16,27.8828,0,0,0,0,0,0,-23.6841,-1.4988e-15,105.416,-5.32109,-3.36536e-16,23.6838,-7.21007,-4.56232e-16,32.0915,0,0,0,-37.5641,-2.37831e-15,167.195,-7.38962,-4.68375e-16,32.8907,-18.1624,-1.15012e-15,80.8394,0,0,0,-14.8377,-9.4022e-16,66.0417,-7.38962,-4.68375e-16,32.8907,-18.1624,-1.14839e-15,80.8394,
0,0,0,0,0,0,0,0,0,0,0,0,0,0,0,0,0,0,0,0,0,0,0,0,0,0,0,0,0,0,0,0,0,-26.812,-1.69656e-15,119.338,-6.2645,-3.95517e-16,27.8828,0,0,0,0,0,0,-23.6841,-1.4988e-15,105.416,-5.32109,-3.36536e-16,23.6838,-7.21007,-4.56232e-16,32.0915,0,0,0,-37.5641,-2.37831e-15,167.195,-7.38962,-4.68375e-16,32.8907,-18.1624,-1.15012e-15,80.8394,0,0,0,-14.8377,-9.4022e-16,66.0417,-7.38962,-4.68375e-16,32.8907,-18.1624,-1.14839e-15,80.8394,
0,0,0,0,0,0,0,0,0,0,0,0,0,0,0,0,0,0,0,0,0,0,0,0,0,0,0,0,0,0,0,0,0,-26.812,-1.69656e-15,119.338,-6.2645,-3.95517e-16,27.8828,0,0,0,0,0,0,-23.6841,-1.4988e-15,105.416,-5.32109,-3.36536e-16,23.6838,-7.21007,-4.56232e-16,32.0915,0,0,0,-37.5641,-2.37831e-15,167.195,-7.38962,-4.68375e-16,32.8907,-18.1624,-1.15012e-15,80.8394,0,0,0,-14.8377,-9.4022e-16,66.0417,-7.38962,-4.68375e-16,32.8907,-18.1624,-1.14839e-15,80.8394,
0,0,0,0,0,0,0,0,0,0,0,0,0,0,0,0,0,0,0,0,0,0,0,0,0,0,0,0,0,0,0,0,0,-26.812,-1.69656e-15,119.338,-6.2645,-3.95517e-16,27.8828,0,0,0,0,0,0,-23.6841,-1.4988e-15,105.416,-5.32109,-3.36536e-16,23.6838,-7.21007,-4.56232e-16,32.0915,0,0,0,-37.5641,-2.37831e-15,167.195,-7.38962,-4.68375e-16,32.8907,-18.1624,-1.15012e-15,80.8394,0,0,0,-14.8377,-9.4022e-16,66.0417,-7.38962,-4.68375e-16,32.8907,-18.1624,-1.14839e-15,80.8394,
0,0,0,0,0,0,0,0,0,0,0,0,0,0,0,0,0,0,0,0,0,0,0,0,0,0,0,0,0,0,0,0,0,-26.812,-1.69656e-15,119.338,-6.2645,-3.95517e-16,27.8828,0,0,0,0,0,0,-23.6841,-1.4988e-15,105.416,-5.32109,-3.36536e-16,23.6838,-7.21007,-4.56232e-16,32.0915,0,0,0,-37.5641,-2.37831e-15,167.195,-7.38962,-4.68375e-16,32.8907,-18.1624,-1.15012e-15,80.8394,0,0,0,-14.8377,-9.4022e-16,66.0417,-7.38962,-4.68375e-16,32.8907,-18.1624,-1.14839e-15,80.8394,
0,0,0,0,0,0,0,0,0,0,0,0,0,0,0,0,0,0,0,0,0,0,0,0,0,0,0,0,0,0,0,0,0,-26.812,-1.69656e-15,119.338,-6.2645,-3.95517e-16,27.8828,0,0,0,0,0,0,-23.6841,-1.4988e-15,105.416,-5.32109,-3.36536e-16,23.6838,-7.21007,-4.56232e-16,32.0915,0,0,0,-37.5641,-2.37831e-15,167.195,-7.38962,-4.68375e-16,32.8907,-18.1624,-1.15012e-15,80.8394,0,0,0,-14.8377,-9.4022e-16,66.0417,-7.38962,-4.68375e-16,32.8907,-18.1624,-1.14839e-15,80.8394,
0,0,0,0,0,0,0,0,0,0,0,0,0,0,0,0,0,0,0,0,0,0,0,0,0,0,0,0,0,0,0,0,0,-26.812,-1.69656e-15,119.338,-6.2645,-3.95517e-16,27.8828,0,0,0,0,0,0,-23.6841,-1.4988e-15,105.416,-5.32109,-3.36536e-16,23.6838,-7.21007,-4.56232e-16,32.0915,0,0,0,-37.5641,-2.37831e-15,167.195,-7.38962,-4.68375e-16,32.8907,-18.1624,-1.15012e-15,80.8394,0,0,0,-14.8377,-9.4022e-16,66.0417,-7.38962,-4.68375e-16,32.8907,-18.1624,-1.14839e-15,80.8394,
0,0,0,0,0,0,0,0,0,0,0,0,0,0,0,0,0,0,0,0,0,0,0,0,0,0,0,0,0,0,0,0,0,-26.812,-1.69656e-15,119.338,-6.2645,-3.95517e-16,27.8828,0,0,0,0,0,0,-23.6841,-1.4988e-15,105.416,-5.32109,-3.36536e-16,23.6838,-7.21007,-4.56232e-16,32.0915,0,0,0,-37.5641,-2.37831e-15,167.195,-7.38962,-4.68375e-16,32.8907,-18.1624,-1.15012e-15,80.8394,0,0,0,-14.8377,-9.4022e-16,66.0417,-7.38962,-4.68375e-16,32.8907,-18.1624,-1.14839e-15,80.8394,
0,0,0,0,0,0,0,0,0,0,0,0,0,0,0,0,0,0,0,0,0,0,0,0,0,0,0,0,0,0,0,0,0,-26.812,-1.69656e-15,119.338,-6.2645,-3.95517e-16,27.8828,0,0,0,0,0,0,-23.6841,-1.4988e-15,105.416,-5.32109,-3.36536e-16,23.6838,-7.21007,-4.56232e-16,32.0915,0,0,0,-37.5641,-2.37831e-15,167.195,-7.38962,-4.68375e-16,32.8907,-18.1624,-1.15012e-15,80.8394,0,0,0,-14.8377,-9.4022e-16,66.0417,-7.38962,-4.68375e-16,32.8907,-18.1624,-1.14839e-15,80.8394,
0,0,0,0,0,0,0,0,0,0,0,0,0,0,0,0,0,0,0,0,0,0,0,0,0,0,0,0,0,0,0,0,0,-26.812,-1.69656e-15,119.338,-6.2645,-3.95517e-16,27.8828,0,0,0,0,0,0,-23.6841,-1.4988e-15,105.416,-5.32109,-3.36536e-16,23.6838,-7.21007,-4.56232e-16,32.0915,0,0,0,-37.5641,-2.37831e-15,167.195,-7.38962,-4.68375e-16,32.8907,-18.1624,-1.15012e-15,80.8394,0,0,0,-14.8377,-9.4022e-16,66.0417,-7.38962,-4.68375e-16,32.8907,-18.1624,-1.14839e-15,80.8394,
0,0,0,0,0,0,0,0,0,0,0,0,0,0,0,0,0,0,0,0,0,0,0,0,0,0,0,0,0,0,0,0,0,-26.812,-1.69656e-15,119.338,-6.2645,-3.95517e-16,27.8828,0,0,0,0,0,0,-23.6841,-1.4988e-15,105.416,-5.32109,-3.36536e-16,23.6838,-7.21007,-4.56232e-16,32.0915,0,0,0,-37.5641,-2.37831e-15,167.195,-7.38962,-4.68375e-16,32.8907,-18.1624,-1.15012e-15,80.8394,0,0,0,-14.8377,-9.4022e-16,66.0417,-7.38962,-4.68375e-16,32.8907,-18.1624,-1.14839e-15,80.8394,
0,0,0,0,0,0,0,0,0,0,0,0,0,0,0,0,0,0,0,0,0,0,0,0,0,0,0,0,0,0,0,0,0,-26.812,-1.69656e-15,119.338,-6.2645,-3.95517e-16,27.8828,0,0,0,0,0,0,-23.6841,-1.4988e-15,105.416,-5.32109,-3.36536e-16,23.6838,-7.21007,-4.56232e-16,32.0915,0,0,0,-37.5641,-2.37831e-15,167.195,-7.38962,-4.68375e-16,32.8907,-18.1624,-1.15012e-15,80.8394,0,0,0,-14.8377,-9.4022e-16,66.0417,-7.38962,-4.68375e-16,32.8907,-18.1624,-1.14839e-15,80.8394,
0,0,0,0,0,0,0,0,0,0,0,0,0,0,0,0,0,0,0,0,0,0,0,0,0,0,0,0,0,0,0,0,0,-26.812,-1.69656e-15,119.338,-6.2645,-3.95517e-16,27.8828,0,0,0,0,0,0,-23.6841,-1.4988e-15,105.416,-5.32109,-3.36536e-16,23.6838,-7.21007,-4.56232e-16,32.0915,0,0,0,-37.5641,-2.37831e-15,167.195,-7.38962,-4.68375e-16,32.8907,-18.1624,-1.15012e-15,80.8394,0,0,0,-14.8377,-9.4022e-16,66.0417,-7.38962,-4.68375e-16,32.8907,-18.1624,-1.14839e-15,80.8394,
0,0,0,0,0,0,0,0,0,0,0,0,0,0,0,0,0,0,0,0,0,0,0,0,0,0,0,0,0,0,0,0,0,-26.812,-1.69656e-15,119.338,-6.2645,-3.95517e-16,27.8828,0,0,0,0,0,0,-23.6841,-1.4988e-15,105.416,-5.32109,-3.36536e-16,23.6838,-7.21007,-4.56232e-16,32.0915,0,0,0,-37.5641,-2.37831e-15,167.195,-7.38962,-4.68375e-16,32.8907,-18.1624,-1.15012e-15,80.8394,0,0,0,-14.8377,-9.4022e-16,66.0417,-7.38962,-4.68375e-16,32.8907,-18.1624,-1.14839e-15,80.8394,
0,0,0,0,0,0,0,0,0,0,0,0,0,0,0,0,0,0,0,0,0,0,0,0,0,0,0,0,0,0,0,0,0,-26.812,-1.69656e-15,119.338,-6.2645,-3.95517e-16,27.8828,0,0,0,0,0,0,-23.6841,-1.4988e-15,105.416,-5.32109,-3.36536e-16,23.6838,-7.21007,-4.56232e-16,32.0915,0,0,0,-37.5641,-2.37831e-15,167.195,-7.38962,-4.68375e-16,32.8907,-18.1624,-1.15012e-15,80.8394,0,0,0,-14.8377,-9.4022e-16,66.0417,-7.38962,-4.68375e-16,32.8907,-18.1624,-1.14839e-15,80.8394,
0,0,0,0,0,0,0,0,0,0,0,0,0,0,0,0,0,0,0,0,0,0,0,0,0,0,0,0,0,0,0,0,0,-26.812,-1.69656e-15,119.338,-6.2645,-3.95517e-16,27.8828,0,0,0,0,0,0,-23.6841,-1.4988e-15,105.416,-5.32109,-3.36536e-16,23.6838,-7.21007,-4.56232e-16,32.0915,0,0,0,-37.5641,-2.37831e-15,167.195,-7.38962,-4.68375e-16,32.8907,-18.1624,-1.15012e-15,80.8394,0,0,0,-14.8377,-9.4022e-16,66.0417,-7.38962,-4.68375e-16,32.8907,-18.1624,-1.14839e-15,80.8394,
0,0,0,0,0,0,0,0,0,0,0,0,0,0,0,0,0,0,0,0,0,0,0,0,0,0,0,0,0,0,0,0,0,-26.812,-1.69656e-15,119.338,-6.2645,-3.95517e-16,27.8828,0,0,0,0,0,0,-23.6841,-1.4988e-15,105.416,-5.32109,-3.36536e-16,23.6838,-7.21007,-4.56232e-16,32.0915,0,0,0,-37.5641,-2.37831e-15,167.195,-7.38962,-4.68375e-16,32.8907,-18.1624,-1.15012e-15,80.8394,0,0,0,-14.8377,-9.4022e-16,66.0417,-7.38962,-4.68375e-16,32.8907,-18.1624,-1.14839e-15,80.8394,
0,0,0,0,0,0,0,0,0,0,0,0,0,0,0,0,0,0,0,0,0,0,0,0,0,0,0,0,0,0,0,0,0,-26.812,-1.69656e-15,119.338,-6.2645,-3.95517e-16,27.8828,0,0,0,0,0,0,-23.6841,-1.4988e-15,105.416,-5.32109,-3.36536e-16,23.6838,-7.21007,-4.56232e-16,32.0915,0,0,0,-37.5641,-2.37831e-15,167.195,-7.38962,-4.68375e-16,32.8907,-18.1624,-1.15012e-15,80.8394,0,0,0,-14.8377,-9.4022e-16,66.0417,-7.38962,-4.68375e-16,32.8907,-18.1624,-1.14839e-15,80.8394,
0,0,0,0,0,0,0,0,0,0,0,0,0,0,0,0,0,0,0,0,0,0,0,0,0,0,0,0,0,0,-5.43784,-3.43475e-16,24.2035,-31.7715,-2.01228e-15,141.413,-8.24688,-5.20417e-16,36.7063,0,0,0,0,0,0,-36.4001,-2.30371e-15,162.014,-7.33864,-4.64906e-16,32.6638,-11.6151,-7.35523e-16,51.6982,-5.1137,-3.24393e-16,22.7607,-51.1105,-3.23526e-15,227.489,-8.8235,-5.58581e-16,39.2728,-22.2864,-1.41033e-15,99.1953,0,0,0,-19.1073,-1.21084e-15,85.0452,-8.8235,-5.58581e-16,39.2728,-22.2864,-1.41206e-15,99.1953,
0,0,0,0,0,0,0,0,0,0,0,0,0,0,0,0,0,0,0,0,0,0,0,0,0,0,0,0,0,0,-5.43784,-3.43475e-16,24.2035,-31.7715,-2.01228e-15,141.413,-8.24688,-5.20417e-16,36.7063,0,0,0,0,0,0,-36.4001,-2.30371e-15,162.014,-7.33864,-4.64906e-16,32.6638,-11.6151,-7.35523e-16,51.6982,-5.1137,-3.24393e-16,22.7607,-51.1105,-3.23526e-15,227.489,-8.8235,-5.58581e-16,39.2728,-22.2864,-1.41033e-15,99.1953,0,0,0,-19.1073,-1.21084e-15,85.0452,-8.8235,-5.58581e-16,39.2728,-22.2864,-1.41206e-15,99.1953,
0,0,0,0,0,0,0,0,0,0,0,0,0,0,0,0,0,0,0,0,0,0,0,0,0,0,0,0,0,0,-5.43784,-3.43475e-16,24.2035,-31.7715,-2.01228e-15,141.413,-8.24688,-5.20417e-16,36.7063,0,0,0,0,0,0,-36.4001,-2.30371e-15,162.014,-7.33864,-4.64906e-16,32.6638,-11.6151,-7.35523e-16,51.6982,-5.1137,-3.24393e-16,22.7607,-51.1105,-3.23526e-15,227.489,-8.8235,-5.58581e-16,39.2728,-22.2864,-1.41033e-15,99.1953,0,0,0,-19.1073,-1.21084e-15,85.0452,-8.8235,-5.58581e-16,39.2728,-22.2864,-1.41206e-15,99.1953,
0,0,0,0,0,0,0,0,0,0,0,0,0,0,0,0,0,0,0,0,0,0,0,0,0,0,0,0,0,0,-5.43784,-3.43475e-16,24.2035,-31.7715,-2.01228e-15,141.413,-8.24688,-5.20417e-16,36.7063,0,0,0,0,0,0,-36.4001,-2.30371e-15,162.014,-7.33864,-4.64906e-16,32.6638,-11.6151,-7.35523e-16,51.6982,-5.1137,-3.24393e-16,22.7607,-51.1105,-3.23526e-15,227.489,-8.8235,-5.58581e-16,39.2728,-22.2864,-1.41033e-15,99.1953,0,0,0,-19.1073,-1.21084e-15,85.0452,-8.8235,-5.58581e-16,39.2728,-22.2864,-1.41206e-15,99.1953,
0,0,0,0,0,0,0,0,0,0,0,0,0,0,0,0,0,0,0,0,0,0,0,0,0,0,0,0,0,0,-5.43784,-3.43475e-16,24.2035,-31.7715,-2.01228e-15,141.413,-8.24688,-5.20417e-16,36.7063,0,0,0,0,0,0,-36.4001,-2.30371e-15,162.014,-7.33864,-4.64906e-16,32.6638,-11.6151,-7.35523e-16,51.6982,-5.1137,-3.24393e-16,22.7607,-51.1105,-3.23526e-15,227.489,-8.8235,-5.58581e-16,39.2728,-22.2864,-1.41033e-15,99.1953,0,0,0,-19.1073,-1.21084e-15,85.0452,-8.8235,-5.58581e-16,39.2728,-22.2864,-1.41206e-15,99.1953,
0,0,0,0,0,0,0,0,0,0,0,0,0,0,0,0,0,0,0,0,0,0,0,0,0,0,0,0,0,0,-5.43784,-3.43475e-16,24.2035,-31.7715,-2.01228e-15,141.413,-8.24688,-5.20417e-16,36.7063,0,0,0,0,0,0,-36.4001,-2.30371e-15,162.014,-7.33864,-4.64906e-16,32.6638,-11.6151,-7.35523e-16,51.6982,-5.1137,-3.24393e-16,22.7607,-51.1105,-3.23526e-15,227.489,-8.8235,-5.58581e-16,39.2728,-22.2864,-1.41033e-15,99.1953,0,0,0,-19.1073,-1.21084e-15,85.0452,-8.8235,-5.58581e-16,39.2728,-22.2864,-1.41206e-15,99.1953,
0,0,0,0,0,0,0,0,0,0,0,0,0,0,0,0,0,0,0,0,0,0,0,0,0,0,0,0,0,0,-5.43784,-3.43475e-16,24.2035,-31.7715,-2.01228e-15,141.413,-8.24688,-5.20417e-16,36.7063,0,0,0,0,0,0,-36.4001,-2.30371e-15,162.014,-7.33864,-4.64906e-16,32.6638,-11.6151,-7.35523e-16,51.6982,-5.1137,-3.24393e-16,22.7607,-51.1105,-3.23526e-15,227.489,-8.8235,-5.58581e-16,39.2728,-22.2864,-1.41033e-15,99.1953,0,0,0,-19.1073,-1.21084e-15,85.0452,-8.8235,-5.58581e-16,39.2728,-22.2864,-1.41206e-15,99.1953,
0,0,0,0,0,0,0,0,0,0,0,0,0,0,0,0,0,0,0,0,0,0,0,0,0,0,0,0,0,0,-5.43784,-3.43475e-16,24.2035,-31.7715,-2.01228e-15,141.413,-8.24688,-5.20417e-16,36.7063,0,0,0,0,0,0,-36.4001,-2.30371e-15,162.014,-7.33864,-4.64906e-16,32.6638,-11.6151,-7.35523e-16,51.6982,-5.1137,-3.24393e-16,22.7607,-51.1105,-3.23526e-15,227.489,-8.8235,-5.58581e-16,39.2728,-22.2864,-1.41033e-15,99.1953,0,0,0,-19.1073,-1.21084e-15,85.0452,-8.8235,-5.58581e-16,39.2728,-22.2864,-1.41206e-15,99.1953,
0,0,0,0,0,0,0,0,0,0,0,0,0,0,0,0,0,0,0,0,0,0,0,0,0,0,0,0,0,0,-5.43784,-3.43475e-16,24.2035,-31.7715,-2.01228e-15,141.413,-8.24688,-5.20417e-16,36.7063,0,0,0,0,0,0,-36.4001,-2.30371e-15,162.014,-7.33864,-4.64906e-16,32.6638,-11.6151,-7.35523e-16,51.6982,-5.1137,-3.24393e-16,22.7607,-51.1105,-3.23526e-15,227.489,-8.8235,-5.58581e-16,39.2728,-22.2864,-1.41033e-15,99.1953,0,0,0,-19.1073,-1.21084e-15,85.0452,-8.8235,-5.58581e-16,39.2728,-22.2864,-1.41206e-15,99.1953,
0,0,0,0,0,0,0,0,0,0,0,0,0,0,0,0,0,0,0,0,0,0,0,0,0,0,0,0,0,0,-5.43784,-3.43475e-16,24.2035,-31.7715,-2.01228e-15,141.413,-8.24688,-5.20417e-16,36.7063,0,0,0,0,0,0,-36.4001,-2.30371e-15,162.014,-7.33864,-4.64906e-16,32.6638,-11.6151,-7.35523e-16,51.6982,-5.1137,-3.24393e-16,22.7607,-51.1105,-3.23526e-15,227.489,-8.8235,-5.58581e-16,39.2728,-22.2864,-1.41033e-15,99.1953,0,0,0,-19.1073,-1.21084e-15,85.0452,-8.8235,-5.58581e-16,39.2728,-22.2864,-1.41206e-15,99.1953,
0,0,0,0,0,0,0,0,0,0,0,0,0,0,0,0,0,0,0,0,0,0,0,0,0,0,0,0,0,0,-5.43784,-3.43475e-16,24.2035,-31.7715,-2.01228e-15,141.413,-8.24688,-5.20417e-16,36.7063,0,0,0,0,0,0,-36.4001,-2.30371e-15,162.014,-7.33864,-4.64906e-16,32.6638,-11.6151,-7.35523e-16,51.6982,-5.1137,-3.24393e-16,22.7607,-51.1105,-3.23526e-15,227.489,-8.8235,-5.58581e-16,39.2728,-22.2864,-1.41033e-15,99.1953,0,0,0,-19.1073,-1.21084e-15,85.0452,-8.8235,-5.58581e-16,39.2728,-22.2864,-1.41206e-15,99.1953,
0,0,0,0,0,0,0,0,0,0,0,0,0,0,0,0,0,0,0,0,0,0,0,0,0,0,0,0,0,0,-5.43784,-3.43475e-16,24.2035,-31.7715,-2.01228e-15,141.413,-8.24688,-5.20417e-16,36.7063,0,0,0,0,0,0,-36.4001,-2.30371e-15,162.014,-7.33864,-4.64906e-16,32.6638,-11.6151,-7.35523e-16,51.6982,-5.1137,-3.24393e-16,22.7607,-51.1105,-3.23526e-15,227.489,-8.8235,-5.58581e-16,39.2728,-22.2864,-1.41033e-15,99.1953,0,0,0,-19.1073,-1.21084e-15,85.0452,-8.8235,-5.58581e-16,39.2728,-22.2864,-1.41206e-15,99.1953,
0,0,0,0,0,0,0,0,0,0,0,0,0,0,0,0,0,0,0,0,0,0,0,0,0,0,0,0,0,0,-5.43784,-3.43475e-16,24.2035,-31.7715,-2.01228e-15,141.413,-8.24688,-5.20417e-16,36.7063,0,0,0,0,0,0,-36.4001,-2.30371e-15,162.014,-7.33864,-4.64906e-16,32.6638,-11.6151,-7.35523e-16,51.6982,-5.1137,-3.24393e-16,22.7607,-51.1105,-3.23526e-15,227.489,-8.8235,-5.58581e-16,39.2728,-22.2864,-1.41033e-15,99.1953,0,0,0,-19.1073,-1.21084e-15,85.0452,-8.8235,-5.58581e-16,39.2728,-22.2864,-1.41206e-15,99.1953,
0,0,0,0,0,0,0,0,0,0,0,0,0,0,0,0,0,0,0,0,0,0,0,0,0,0,0,0,0,0,-5.43784,-3.43475e-16,24.2035,-31.7715,-2.01228e-15,141.413,-8.24688,-5.20417e-16,36.7063,0,0,0,0,0,0,-36.4001,-2.30371e-15,162.014,-7.33864,-4.64906e-16,32.6638,-11.6151,-7.35523e-16,51.6982,-5.1137,-3.24393e-16,22.7607,-51.1105,-3.23526e-15,227.489,-8.8235,-5.58581e-16,39.2728,-22.2864,-1.41033e-15,99.1953,0,0,0,-19.1073,-1.21084e-15,85.0452,-8.8235,-5.58581e-16,39.2728,-22.2864,-1.41206e-15,99.1953,
0,0,0,0,0,0,0,0,0,0,0,0,0,0,0,0,0,0,0,0,0,0,0,0,0,0,0,0,0,0,-5.43784,-3.43475e-16,24.2035,-31.7715,-2.01228e-15,141.413,-8.24688,-5.20417e-16,36.7063,0,0,0,0,0,0,-36.4001,-2.30371e-15,162.014,-7.33864,-4.64906e-16,32.6638,-11.6151,-7.35523e-16,51.6982,-5.1137,-3.24393e-16,22.7607,-51.1105,-3.23526e-15,227.489,-8.8235,-5.58581e-16,39.2728,-22.2864,-1.41033e-15,99.1953,0,0,0,-19.1073,-1.21084e-15,85.0452,-8.8235,-5.58581e-16,39.2728,-22.2864,-1.41206e-15,99.1953,
0,0,0,0,0,0,0,0,0,0,0,0,0,0,0,0,0,0,0,0,0,0,0,0,0,0,0,0,0,0,-5.43784,-3.43475e-16,24.2035,-31.7715,-2.01228e-15,141.413,-8.24688,-5.20417e-16,36.7063,0,0,0,0,0,0,-36.4001,-2.30371e-15,162.014,-7.33864,-4.64906e-16,32.6638,-11.6151,-7.35523e-16,51.6982,-5.1137,-3.24393e-16,22.7607,-51.1105,-3.23526e-15,227.489,-8.8235,-5.58581e-16,39.2728,-22.2864,-1.41033e-15,99.1953,0,0,0,-19.1073,-1.21084e-15,85.0452,-8.8235,-5.58581e-16,39.2728,-22.2864,-1.41206e-15,99.1953,
0,0,0,0,0,0,0,0,0,0,0,0,0,0,0,0,0,0,0,0,0,0,0,0,0,0,0,0,0,0,-5.43784,-3.43475e-16,24.2035,-31.7715,-2.01228e-15,141.413,-8.24688,-5.20417e-16,36.7063,0,0,0,0,0,0,-36.4001,-2.30371e-15,162.014,-7.33864,-4.64906e-16,32.6638,-11.6151,-7.35523e-16,51.6982,-5.1137,-3.24393e-16,22.7607,-51.1105,-3.23526e-15,227.489,-8.8235,-5.58581e-16,39.2728,-22.2864,-1.41033e-15,99.1953,0,0,0,-19.1073,-1.21084e-15,85.0452,-8.8235,-5.58581e-16,39.2728,-22.2864,-1.41206e-15,99.1953,
0,0,0,0,0,0,0,0,0,0,0,0,0,0,0,0,0,0,0,0,0,0,0,0,0,0,0,0,0,0,-5.43784,-3.43475e-16,24.2035,-31.7715,-2.01228e-15,141.413,-8.24688,-5.20417e-16,36.7063,0,0,0,0,0,0,-36.4001,-2.30371e-15,162.014,-7.33864,-4.64906e-16,32.6638,-11.6151,-7.35523e-16,51.6982,-5.1137,-3.24393e-16,22.7607,-51.1105,-3.23526e-15,227.489,-8.8235,-5.58581e-16,39.2728,-22.2864,-1.41033e-15,99.1953,0,0,0,-19.1073,-1.21084e-15,85.0452,-8.8235,-5.58581e-16,39.2728,-22.2864,-1.41206e-15,99.1953,
0,0,0,0,0,0,0,0,0,0,0,0,0,0,0,0,0,0,0,0,0,0,0,0,0,0,0,0,0,0,-5.43784,-3.43475e-16,24.2035,-31.7715,-2.01228e-15,141.413,-8.24688,-5.20417e-16,36.7063,0,0,0,0,0,0,-36.4001,-2.30371e-15,162.014,-7.33864,-4.64906e-16,32.6638,-11.6151,-7.35523e-16,51.6982,-5.1137,-3.24393e-16,22.7607,-51.1105,-3.23526e-15,227.489,-8.8235,-5.58581e-16,39.2728,-22.2864,-1.41033e-15,99.1953,0,0,0,-19.1073,-1.21084e-15,85.0452,-8.8235,-5.58581e-16,39.2728,-22.2864,-1.41206e-15,99.1953,
0,0,0,0,0,0,0,0,0,0,0,0,0,0,0,0,0,0,0,0,0,0,0,0,0,0,0,0,0,0,-5.43784,-3.43475e-16,24.2035,-31.7715,-2.01228e-15,141.413,-8.24688,-5.20417e-16,36.7063,0,0,0,0,0,0,-36.4001,-2.30371e-15,162.014,-7.33864,-4.64906e-16,32.6638,-11.6151,-7.35523e-16,51.6982,-5.1137,-3.24393e-16,22.7607,-51.1105,-3.23526e-15,227.489,-8.8235,-5.58581e-16,39.2728,-22.2864,-1.41033e-15,99.1953,0,0,0,-19.1073,-1.21084e-15,85.0452,-8.8235,-5.58581e-16,39.2728,-22.2864,-1.41206e-15,99.1953,
0,0,0,0,0,0,0,0,0,0,0,0,0,0,0,0,0,0,0,0,0,0,0,0,0,0,0,0,0,0,-5.43784,-3.43475e-16,24.2035,-31.7715,-2.01228e-15,141.413,-8.24688,-5.20417e-16,36.7063,0,0,0,0,0,0,-36.4001,-2.30371e-15,162.014,-7.33864,-4.64906e-16,32.6638,-11.6151,-7.35523e-16,51.6982,-5.1137,-3.24393e-16,22.7607,-51.1105,-3.23526e-15,227.489,-8.8235,-5.58581e-16,39.2728,-22.2864,-1.41033e-15,99.1953,0,0,0,-19.1073,-1.21084e-15,85.0452,-8.8235,-5.58581e-16,39.2728,-22.2864,-1.41206e-15,99.1953,
0,0,0,0,0,0,0,0,0,0,0,0,0,0,0,0,0,0,0,0,0,0,0,0,0,0,0,0,0,0,-5.43784,-3.43475e-16,24.2035,-31.7715,-2.01228e-15,141.413,-8.24688,-5.20417e-16,36.7063,0,0,0,0,0,0,-36.4001,-2.30371e-15,162.014,-7.33864,-4.64906e-16,32.6638,-11.6151,-7.35523e-16,51.6982,-5.1137,-3.24393e-16,22.7607,-51.1105,-3.23526e-15,227.489,-8.8235,-5.58581e-16,39.2728,-22.2864,-1.41033e-15,99.1953,0,0,0,-19.1073,-1.21084e-15,85.0452,-8.8235,-5.58581e-16,39.2728,-22.2864,-1.41206e-15,99.1953,
0,0,0,0,0,0,0,0,0,0,0,0,0,0,0,0,0,0,0,0,0,0,0,0,0,0,0,0,0,0,-5.43784,-3.43475e-16,24.2035,-31.7715,-2.01228e-15,141.413,-8.24688,-5.20417e-16,36.7063,0,0,0,0,0,0,-36.4001,-2.30371e-15,162.014,-7.33864,-4.64906e-16,32.6638,-11.6151,-7.35523e-16,51.6982,-5.1137,-3.24393e-16,22.7607,-51.1105,-3.23526e-15,227.489,-8.8235,-5.58581e-16,39.2728,-22.2864,-1.41033e-15,99.1953,0,0,0,-19.1073,-1.21084e-15,85.0452,-8.8235,-5.58581e-16,39.2728,-22.2864,-1.41206e-15,99.1953,
0,0,0,0,0,0,0,0,0,0,0,0,0,0,0,0,0,0,0,0,0,0,0,0,0,0,0,0,0,0,-6.43434,-4.05925e-16,28.6388,-30.0016,-1.89779e-15,133.535,-9.15214,-5.79398e-16,40.7355,-11.2701,-7.14706e-16,50.1625,-4.59626,-2.91434e-16,20.4576,-45.926,-2.9074e-15,204.413,-9.8866,-6.26235e-16,44.0046,-12.8037,-8.10116e-16,56.9882,-6.13216,-3.88578e-16,27.2938,-52.1004,-3.29771e-15,231.895,-11.2404,-7.11237e-16,50.0304,-18.2096,-1.15359e-15,81.0497,0,0,0,-14.4469,-9.15934e-16,64.3024,-11.2404,-7.11237e-16,50.0304,-18.2096,-1.15186e-15,81.0497,
0,0,0,0,0,0,0,0,0,0,0,0,0,0,0,0,0,0,0,0,0,0,0,0,0,0,0,0,0,0,-6.43434,-4.05925e-16,28.6388,-30.0016,-1.89779e-15,133.535,-9.15214,-5.79398e-16,40.7355,-11.2701,-7.14706e-16,50.1625,-4.59626,-2.91434e-16,20.4576,-45.926,-2.9074e-15,204.413,-9.8866,-6.26235e-16,44.0046,-12.8037,-8.10116e-16,56.9882,-6.13216,-3.88578e-16,27.2938,-52.1004,-3.29771e-15,231.895,-11.2404,-7.11237e-16,50.0304,-18.2096,-1.15359e-15,81.0497,0,0,0,-14.4469,-9.15934e-16,64.3024,-11.2404,-7.11237e-16,50.0304,-18.2096,-1.15186e-15,81.0497,
0,0,0,0,0,0,0,0,0,0,0,0,0,0,0,0,0,0,0,0,0,0,0,0,0,0,0,0,0,0,-6.43434,-4.05925e-16,28.6388,-30.0016,-1.89779e-15,133.535,-9.15214,-5.79398e-16,40.7355,-11.2701,-7.14706e-16,50.1625,-4.59626,-2.91434e-16,20.4576,-45.926,-2.9074e-15,204.413,-9.8866,-6.26235e-16,44.0046,-12.8037,-8.10116e-16,56.9882,-6.13216,-3.88578e-16,27.2938,-52.1004,-3.29771e-15,231.895,-11.2404,-7.11237e-16,50.0304,-18.2096,-1.15359e-15,81.0497,0,0,0,-14.4469,-9.15934e-16,64.3024,-11.2404,-7.11237e-16,50.0304,-18.2096,-1.15186e-15,81.0497,
0,0,0,0,0,0,0,0,0,0,0,0,0,0,0,0,0,0,0,0,0,0,0,0,0,0,0,0,0,0,-6.43434,-4.05925e-16,28.6388,-30.0016,-1.89779e-15,133.535,-9.15214,-5.79398e-16,40.7355,-11.2701,-7.14706e-16,50.1625,-4.59626,-2.91434e-16,20.4576,-45.926,-2.9074e-15,204.413,-9.8866,-6.26235e-16,44.0046,-12.8037,-8.10116e-16,56.9882,-6.13216,-3.88578e-16,27.2938,-52.1004,-3.29771e-15,231.895,-11.2404,-7.11237e-16,50.0304,-18.2096,-1.15359e-15,81.0497,0,0,0,-14.4469,-9.15934e-16,64.3024,-11.2404,-7.11237e-16,50.0304,-18.2096,-1.15186e-15,81.0497,
0,0,0,0,0,0,0,0,0,0,0,0,0,0,0,0,0,0,0,0,0,0,0,0,0,0,0,0,0,0,-6.43434,-4.05925e-16,28.6388,-30.0016,-1.89779e-15,133.535,-9.15214,-5.79398e-16,40.7355,-11.2701,-7.14706e-16,50.1625,-4.59626,-2.91434e-16,20.4576,-45.926,-2.9074e-15,204.413,-9.8866,-6.26235e-16,44.0046,-12.8037,-8.10116e-16,56.9882,-6.13216,-3.88578e-16,27.2938,-52.1004,-3.29771e-15,231.895,-11.2404,-7.11237e-16,50.0304,-18.2096,-1.15359e-15,81.0497,0,0,0,-14.4469,-9.15934e-16,64.3024,-11.2404,-7.11237e-16,50.0304,-18.2096,-1.15186e-15,81.0497,
0,0,0,0,0,0,0,0,0,0,0,0,0,0,0,0,0,0,0,0,0,0,0,0,0,0,0,0,0,0,-6.43434,-4.05925e-16,28.6388,-30.0016,-1.89779e-15,133.535,-9.15214,-5.79398e-16,40.7355,-11.2701,-7.14706e-16,50.1625,-4.59626,-2.91434e-16,20.4576,-45.926,-2.9074e-15,204.413,-9.8866,-6.26235e-16,44.0046,-12.8037,-8.10116e-16,56.9882,-6.13216,-3.88578e-16,27.2938,-52.1004,-3.29771e-15,231.895,-11.2404,-7.11237e-16,50.0304,-18.2096,-1.15359e-15,81.0497,0,0,0,-14.4469,-9.15934e-16,64.3024,-11.2404,-7.11237e-16,50.0304,-18.2096,-1.15186e-15,81.0497,
0,0,0,0,0,0,0,0,0,0,0,0,0,0,0,0,0,0,0,0,0,0,0,0,0,0,0,0,0,0,-6.43434,-4.05925e-16,28.6388,-30.0016,-1.89779e-15,133.535,-9.15214,-5.79398e-16,40.7355,-11.2701,-7.14706e-16,50.1625,-4.59626,-2.91434e-16,20.4576,-45.926,-2.9074e-15,204.413,-9.8866,-6.26235e-16,44.0046,-12.8037,-8.10116e-16,56.9882,-6.13216,-3.88578e-16,27.2938,-52.1004,-3.29771e-15,231.895,-11.2404,-7.11237e-16,50.0304,-18.2096,-1.15359e-15,81.0497,0,0,0,-14.4469,-9.15934e-16,64.3024,-11.2404,-7.11237e-16,50.0304,-18.2096,-1.15186e-15,81.0497,
0,0,0,0,0,0,0,0,0,0,0,0,0,0,0,0,0,0,0,0,0,0,0,0,0,0,0,0,0,0,-6.43434,-4.05925e-16,28.6388,-30.0016,-1.89779e-15,133.535,-9.15214,-5.79398e-16,40.7355,-11.2701,-7.14706e-16,50.1625,-4.59626,-2.91434e-16,20.4576,-45.926,-2.9074e-15,204.413,-9.8866,-6.26235e-16,44.0046,-12.8037,-8.10116e-16,56.9882,-6.13216,-3.88578e-16,27.2938,-52.1004,-3.29771e-15,231.895,-11.2404,-7.11237e-16,50.0304,-18.2096,-1.15359e-15,81.0497,0,0,0,-14.4469,-9.15934e-16,64.3024,-11.2404,-7.11237e-16,50.0304,-18.2096,-1.15186e-15,81.0497,
0,0,0,0,0,0,0,0,0,0,0,0,0,0,0,0,0,0,0,0,0,0,0,0,0,0,0,0,0,0,-6.43434,-4.05925e-16,28.6388,-30.0016,-1.89779e-15,133.535,-9.15214,-5.79398e-16,40.7355,-11.2701,-7.14706e-16,50.1625,-4.59626,-2.91434e-16,20.4576,-45.926,-2.9074e-15,204.413,-9.8866,-6.26235e-16,44.0046,-12.8037,-8.10116e-16,56.9882,-6.13216,-3.88578e-16,27.2938,-52.1004,-3.29771e-15,231.895,-11.2404,-7.11237e-16,50.0304,-18.2096,-1.15359e-15,81.0497,0,0,0,-14.4469,-9.15934e-16,64.3024,-11.2404,-7.11237e-16,50.0304,-18.2096,-1.15186e-15,81.0497,
0,0,0,0,0,0,0,0,0,0,0,0,0,0,0,0,0,0,0,0,0,0,0,0,0,0,0,0,0,0,-7.21474,-4.57967e-16,32.1123,-52.5704,-3.3272e-15,233.987,-14.1684,-8.98587e-16,63.0626,-11.3129,-7.14706e-16,50.3528,-4.71233,-2.98372e-16,20.9743,-44.6655,-2.8276e-15,198.803,-12.2833,-7.77156e-16,54.6722,-14.1984,-8.98587e-16,63.1962,-7.16809,-4.54498e-16,31.9047,-48.0183,-3.03924e-15,213.726,-11.8043,-7.47666e-16,52.5403,-17.6171,-1.11543e-15,78.4126,0,0,0,-19.3396,-1.22471e-15,86.0792,-11.8043,-7.45931e-16,52.5403,-17.6171,-1.11369e-15,78.4126,
0,0,0,0,0,0,0,0,0,0,0,0,0,0,0,0,0,0,0,0,0,0,0,0,0,0,0,0,0,0,-7.21474,-4.57967e-16,32.1123,-52.5704,-3.3272e-15,233.987,-14.1684,-8.98587e-16,63.0626,-11.3129,-7.14706e-16,50.3528,-4.71233,-2.98372e-16,20.9743,-44.6655,-2.8276e-15,198.803,-12.2833,-7.77156e-16,54.6722,-14.1984,-8.98587e-16,63.1962,-7.16809,-4.54498e-16,31.9047,-48.0183,-3.03924e-15,213.726,-11.8043,-7.47666e-16,52.5403,-17.6171,-1.11543e-15,78.4126,0,0,0,-19.3396,-1.22471e-15,86.0792,-11.8043,-7.45931e-16,52.5403,-17.6171,-1.11369e-15,78.4126,
0,0,0,0,0,0,0,0,0,0,0,0,0,0,0,0,0,0,0,0,0,0,0,0,0,0,0,0,0,0,-7.21474,-4.57967e-16,32.1123,-52.5704,-3.3272e-15,233.987,-14.1684,-8.98587e-16,63.0626,-11.3129,-7.14706e-16,50.3528,-4.71233,-2.98372e-16,20.9743,-44.6655,-2.8276e-15,198.803,-12.2833,-7.77156e-16,54.6722,-14.1984,-8.98587e-16,63.1962,-7.16809,-4.54498e-16,31.9047,-48.0183,-3.03924e-15,213.726,-11.8043,-7.47666e-16,52.5403,-17.6171,-1.11543e-15,78.4126,0,0,0,-19.3396,-1.22471e-15,86.0792,-11.8043,-7.45931e-16,52.5403,-17.6171,-1.11369e-15,78.4126,
0,0,0,0,0,0,0,0,0,0,0,0,0,0,0,0,0,0,0,0,0,0,0,0,0,0,0,0,0,0,-7.21474,-4.57967e-16,32.1123,-52.5704,-3.3272e-15,233.987,-14.1684,-8.98587e-16,63.0626,-11.3129,-7.14706e-16,50.3528,-4.71233,-2.98372e-16,20.9743,-44.6655,-2.8276e-15,198.803,-12.2833,-7.77156e-16,54.6722,-14.1984,-8.98587e-16,63.1962,-7.16809,-4.54498e-16,31.9047,-48.0183,-3.03924e-15,213.726,-11.8043,-7.47666e-16,52.5403,-17.6171,-1.11543e-15,78.4126,0,0,0,-19.3396,-1.22471e-15,86.0792,-11.8043,-7.45931e-16,52.5403,-17.6171,-1.11369e-15,78.4126,
0,0,0,0,0,0,0,0,0,0,0,0,0,0,0,0,0,0,0,0,0,0,0,0,0,0,0,0,0,0,-7.21474,-4.57967e-16,32.1123,-52.5704,-3.3272e-15,233.987,-14.1684,-8.98587e-16,63.0626,-11.3129,-7.14706e-16,50.3528,-4.71233,-2.98372e-16,20.9743,-44.6655,-2.8276e-15,198.803,-12.2833,-7.77156e-16,54.6722,-14.1984,-8.98587e-16,63.1962,-7.16809,-4.54498e-16,31.9047,-48.0183,-3.03924e-15,213.726,-11.8043,-7.47666e-16,52.5403,-17.6171,-1.11543e-15,78.4126,0,0,0,-19.3396,-1.22471e-15,86.0792,-11.8043,-7.45931e-16,52.5403,-17.6171,-1.11369e-15,78.4126,
0,0,0,0,0,0,0,0,0,0,0,0,0,0,0,0,0,0,0,0,0,0,0,0,0,0,0,0,0,0,-7.21474,-4.57967e-16,32.1123,-52.5704,-3.3272e-15,233.987,-14.1684,-8.98587e-16,63.0626,-11.3129,-7.14706e-16,50.3528,-4.71233,-2.98372e-16,20.9743,-44.6655,-2.8276e-15,198.803,-12.2833,-7.77156e-16,54.6722,-14.1984,-8.98587e-16,63.1962,-7.16809,-4.54498e-16,31.9047,-48.0183,-3.03924e-15,213.726,-11.8043,-7.47666e-16,52.5403,-17.6171,-1.11543e-15,78.4126,0,0,0,-19.3396,-1.22471e-15,86.0792,-11.8043,-7.45931e-16,52.5403,-17.6171,-1.11369e-15,78.4126,
0,0,0,0,0,0,0,0,0,0,0,0,0,0,0,0,0,0,0,0,0,0,0,0,0,0,0,0,0,0,-7.21474,-4.57967e-16,32.1123,-52.5704,-3.3272e-15,233.987,-14.1684,-8.98587e-16,63.0626,-11.3129,-7.14706e-16,50.3528,-4.71233,-2.98372e-16,20.9743,-44.6655,-2.8276e-15,198.803,-12.2833,-7.77156e-16,54.6722,-14.1984,-8.98587e-16,63.1962,-7.16809,-4.54498e-16,31.9047,-48.0183,-3.03924e-15,213.726,-11.8043,-7.47666e-16,52.5403,-17.6171,-1.11543e-15,78.4126,0,0,0,-19.3396,-1.22471e-15,86.0792,-11.8043,-7.45931e-16,52.5403,-17.6171,-1.11369e-15,78.4126,
0,0,0,0,0,0,0,0,0,0,0,0,0,0,0,0,0,0,0,0,0,0,0,0,0,0,0,0,0,0,-7.21474,-4.57967e-16,32.1123,-52.5704,-3.3272e-15,233.987,-14.1684,-8.98587e-16,63.0626,-11.3129,-7.14706e-16,50.3528,-4.71233,-2.98372e-16,20.9743,-44.6655,-2.8276e-15,198.803,-12.2833,-7.77156e-16,54.6722,-14.1984,-8.98587e-16,63.1962,-7.16809,-4.54498e-16,31.9047,-48.0183,-3.03924e-15,213.726,-11.8043,-7.47666e-16,52.5403,-17.6171,-1.11543e-15,78.4126,0,0,0,-19.3396,-1.22471e-15,86.0792,-11.8043,-7.45931e-16,52.5403,-17.6171,-1.11369e-15,78.4126,
0,0,0,0,0,0,0,0,0,0,0,0,0,0,0,0,0,0,0,0,0,0,0,0,0,0,0,0,0,0,-7.21474,-4.57967e-16,32.1123,-52.5704,-3.3272e-15,233.987,-14.1684,-8.98587e-16,63.0626,-11.3129,-7.14706e-16,50.3528,-4.71233,-2.98372e-16,20.9743,-44.6655,-2.8276e-15,198.803,-12.2833,-7.77156e-16,54.6722,-14.1984,-8.98587e-16,63.1962,-7.16809,-4.54498e-16,31.9047,-48.0183,-3.03924e-15,213.726,-11.8043,-7.47666e-16,52.5403,-17.6171,-1.11543e-15,78.4126,0,0,0,-19.3396,-1.22471e-15,86.0792,-11.8043,-7.45931e-16,52.5403,-17.6171,-1.11369e-15,78.4126,
0,0,0,0,0,0,0,0,0,0,0,0,0,0,0,0,0,0,0,0,0,0,0,0,0,0,0,0,0,0,-7.21474,-4.57967e-16,32.1123,-52.5704,-3.3272e-15,233.987,-14.1684,-8.98587e-16,63.0626,-11.3129,-7.14706e-16,50.3528,-4.71233,-2.98372e-16,20.9743,-44.6655,-2.8276e-15,198.803,-12.2833,-7.77156e-16,54.6722,-14.1984,-8.98587e-16,63.1962,-7.16809,-4.54498e-16,31.9047,-48.0183,-3.03924e-15,213.726,-11.8043,-7.47666e-16,52.5403,-17.6171,-1.11543e-15,78.4126,0,0,0,-19.3396,-1.22471e-15,86.0792,-11.8043,-7.45931e-16,52.5403,-17.6171,-1.11369e-15,78.4126,
0,0,0,0,0,0,0,0,0,0,0,0,0,0,0,0,0,0,0,0,0,0,0,0,0,0,0,0,0,0,-7.21474,-4.57967e-16,32.1123,-52.5704,-3.3272e-15,233.987,-14.1684,-8.98587e-16,63.0626,-11.3129,-7.14706e-16,50.3528,-4.71233,-2.98372e-16,20.9743,-44.6655,-2.8276e-15,198.803,-12.2833,-7.77156e-16,54.6722,-14.1984,-8.98587e-16,63.1962,-7.16809,-4.54498e-16,31.9047,-48.0183,-3.03924e-15,213.726,-11.8043,-7.47666e-16,52.5403,-17.6171,-1.11543e-15,78.4126,0,0,0,-19.3396,-1.22471e-15,86.0792,-11.8043,-7.45931e-16,52.5403,-17.6171,-1.11369e-15,78.4126,
0,0,0,0,0,0,0,0,0,0,0,0,0,0,0,0,0,0,0,0,0,0,0,0,0,0,0,0,0,0,-7.21474,-4.57967e-16,32.1123,-52.5704,-3.3272e-15,233.987,-14.1684,-8.98587e-16,63.0626,-11.3129,-7.14706e-16,50.3528,-4.71233,-2.98372e-16,20.9743,-44.6655,-2.8276e-15,198.803,-12.2833,-7.77156e-16,54.6722,-14.1984,-8.98587e-16,63.1962,-7.16809,-4.54498e-16,31.9047,-48.0183,-3.03924e-15,213.726,-11.8043,-7.47666e-16,52.5403,-17.6171,-1.11543e-15,78.4126,0,0,0,-19.3396,-1.22471e-15,86.0792,-11.8043,-7.45931e-16,52.5403,-17.6171,-1.11369e-15,78.4126,
0,0,0,0,0,0,0,0,0,0,0,0,0,0,0,0,0,0,0,0,0,0,0,0,0,0,0,0,0,0,-8.19624,-5.20417e-16,36.4809,-57.3662,-3.63251e-15,255.333,-18.2702,-1.15533e-15,81.3196,-20.8823,-1.32186e-15,92.9456,-6.47956,-4.09395e-16,28.8401,-41.7556,-2.64372e-15,185.851,-12.2629,-7.77156e-16,54.5814,-15.0535,-9.52363e-16,67.0019,-10.638,-6.73073e-16,47.3492,-72.6053,-4.59702e-15,323.161,-18.4593,-1.1692e-15,82.1612,-41.3305,-2.61596e-15,183.959,-3.57048,-2.25514e-16,15.8919,-32.7297,-2.07126e-15,145.678,-18.4593,-1.1692e-15,82.1612,-41.3305,-2.61596e-15,183.959,
0,0,0,0,0,0,0,0,0,0,0,0,0,0,0,0,0,0,0,0,0,0,0,0,0,0,0,0,0,0,-8.19624,-5.20417e-16,36.4809,-57.3662,-3.63251e-15,255.333,-18.2702,-1.15533e-15,81.3196,-20.8823,-1.32186e-15,92.9456,-6.47956,-4.09395e-16,28.8401,-41.7556,-2.64372e-15,185.851,-12.2629,-7.77156e-16,54.5814,-15.0535,-9.52363e-16,67.0019,-10.638,-6.73073e-16,47.3492,-72.6053,-4.59702e-15,323.161,-18.4593,-1.1692e-15,82.1612,-41.3305,-2.61596e-15,183.959,-3.57048,-2.25514e-16,15.8919,-32.7297,-2.07126e-15,145.678,-18.4593,-1.1692e-15,82.1612,-41.3305,-2.61596e-15,183.959,
0,0,0,0,0,0,0,0,0,0,0,0,0,0,0,0,0,0,0,0,0,0,0,0,0,0,0,0,0,0,-8.19624,-5.20417e-16,36.4809,-57.3662,-3.63251e-15,255.333,-18.2702,-1.15533e-15,81.3196,-20.8823,-1.32186e-15,92.9456,-6.47956,-4.09395e-16,28.8401,-41.7556,-2.64372e-15,185.851,-12.2629,-7.77156e-16,54.5814,-15.0535,-9.52363e-16,67.0019,-10.638,-6.73073e-16,47.3492,-72.6053,-4.59702e-15,323.161,-18.4593,-1.1692e-15,82.1612,-41.3305,-2.61596e-15,183.959,-3.57048,-2.25514e-16,15.8919,-32.7297,-2.07126e-15,145.678,-18.4593,-1.1692e-15,82.1612,-41.3305,-2.61596e-15,183.959,
0,0,0,0,0,0,0,0,0,0,0,0,0,0,0,0,0,0,0,0,0,0,0,0,0,0,0,0,0,0,-8.19624,-5.20417e-16,36.4809,-57.3662,-3.63251e-15,255.333,-18.2702,-1.15533e-15,81.3196,-20.8823,-1.32186e-15,92.9456,-6.47956,-4.09395e-16,28.8401,-41.7556,-2.64372e-15,185.851,-12.2629,-7.77156e-16,54.5814,-15.0535,-9.52363e-16,67.0019,-10.638,-6.73073e-16,47.3492,-72.6053,-4.59702e-15,323.161,-18.4593,-1.1692e-15,82.1612,-41.3305,-2.61596e-15,183.959,-3.57048,-2.25514e-16,15.8919,-32.7297,-2.07126e-15,145.678,-18.4593,-1.1692e-15,82.1612,-41.3305,-2.61596e-15,183.959,
0,0,0,0,0,0,0,0,0,0,0,0,0,0,0,0,0,0,0,0,0,0,0,0,0,0,0,0,0,0,-8.19624,-5.20417e-16,36.4809,-57.3662,-3.63251e-15,255.333,-18.2702,-1.15533e-15,81.3196,-20.8823,-1.32186e-15,92.9456,-6.47956,-4.09395e-16,28.8401,-41.7556,-2.64372e-15,185.851,-12.2629,-7.77156e-16,54.5814,-15.0535,-9.52363e-16,67.0019,-10.638,-6.73073e-16,47.3492,-72.6053,-4.59702e-15,323.161,-18.4593,-1.1692e-15,82.1612,-41.3305,-2.61596e-15,183.959,-3.57048,-2.25514e-16,15.8919,-32.7297,-2.07126e-15,145.678,-18.4593,-1.1692e-15,82.1612,-41.3305,-2.61596e-15,183.959,
0,0,0,0,0,0,0,0,0,0,0,0,0,0,0,0,0,0,0,0,0,0,0,0,0,0,0,0,0,0,-8.19624,-5.20417e-16,36.4809,-57.3662,-3.63251e-15,255.333,-18.2702,-1.15533e-15,81.3196,-20.8823,-1.32186e-15,92.9456,-6.47956,-4.09395e-16,28.8401,-41.7556,-2.64372e-15,185.851,-12.2629,-7.77156e-16,54.5814,-15.0535,-9.52363e-16,67.0019,-10.638,-6.73073e-16,47.3492,-72.6053,-4.59702e-15,323.161,-18.4593,-1.1692e-15,82.1612,-41.3305,-2.61596e-15,183.959,-3.57048,-2.25514e-16,15.8919,-32.7297,-2.07126e-15,145.678,-18.4593,-1.1692e-15,82.1612,-41.3305,-2.61596e-15,183.959,
0,0,0,0,0,0,0,0,0,0,0,0,0,0,0,0,0,0,0,0,0,0,0,0,0,0,0,0,0,0,-8.19624,-5.20417e-16,36.4809,-57.3662,-3.63251e-15,255.333,-18.2702,-1.15533e-15,81.3196,-20.8823,-1.32186e-15,92.9456,-6.47956,-4.09395e-16,28.8401,-41.7556,-2.64372e-15,185.851,-12.2629,-7.77156e-16,54.5814,-15.0535,-9.52363e-16,67.0019,-10.638,-6.73073e-16,47.3492,-72.6053,-4.59702e-15,323.161,-18.4593,-1.1692e-15,82.1612,-41.3305,-2.61596e-15,183.959,-3.57048,-2.25514e-16,15.8919,-32.7297,-2.07126e-15,145.678,-18.4593,-1.1692e-15,82.1612,-41.3305,-2.61596e-15,183.959,
0,0,0,0,0,0,0,0,0,0,0,0,0,0,0,0,0,0,0,0,0,0,0,0,0,0,0,0,0,0,-8.19624,-5.20417e-16,36.4809,-57.3662,-3.63251e-15,255.333,-18.2702,-1.15533e-15,81.3196,-20.8823,-1.32186e-15,92.9456,-6.47956,-4.09395e-16,28.8401,-41.7556,-2.64372e-15,185.851,-12.2629,-7.77156e-16,54.5814,-15.0535,-9.52363e-16,67.0019,-10.638,-6.73073e-16,47.3492,-72.6053,-4.59702e-15,323.161,-18.4593,-1.1692e-15,82.1612,-41.3305,-2.61596e-15,183.959,-3.57048,-2.25514e-16,15.8919,-32.7297,-2.07126e-15,145.678,-18.4593,-1.1692e-15,82.1612,-41.3305,-2.61596e-15,183.959,
0,0,0,0,0,0,0,0,0,0,0,0,0,0,0,0,0,0,0,0,0,0,0,0,0,0,0,0,0,0,-8.19624,-5.20417e-16,36.4809,-57.3662,-3.63251e-15,255.333,-18.2702,-1.15533e-15,81.3196,-20.8823,-1.32186e-15,92.9456,-6.47956,-4.09395e-16,28.8401,-41.7556,-2.64372e-15,185.851,-12.2629,-7.77156e-16,54.5814,-15.0535,-9.52363e-16,67.0019,-10.638,-6.73073e-16,47.3492,-72.6053,-4.59702e-15,323.161,-18.4593,-1.1692e-15,82.1612,-41.3305,-2.61596e-15,183.959,-3.57048,-2.25514e-16,15.8919,-32.7297,-2.07126e-15,145.678,-18.4593,-1.1692e-15,82.1612,-41.3305,-2.61596e-15,183.959,
0,0,0,0,0,0,0,0,0,0,0,0,0,0,0,0,0,0,0,0,0,0,0,0,0,0,0,0,0,0,-8.19624,-5.20417e-16,36.4809,-57.3662,-3.63251e-15,255.333,-18.2702,-1.15533e-15,81.3196,-20.8823,-1.32186e-15,92.9456,-6.47956,-4.09395e-16,28.8401,-41.7556,-2.64372e-15,185.851,-12.2629,-7.77156e-16,54.5814,-15.0535,-9.52363e-16,67.0019,-10.638,-6.73073e-16,47.3492,-72.6053,-4.59702e-15,323.161,-18.4593,-1.1692e-15,82.1612,-41.3305,-2.61596e-15,183.959,-3.57048,-2.25514e-16,15.8919,-32.7297,-2.07126e-15,145.678,-18.4593,-1.1692e-15,82.1612,-41.3305,-2.61596e-15,183.959,
0,0,0,0,0,0,0,0,0,0,0,0,0,0,0,0,0,0,0,0,0,0,0,0,0,0,0,0,0,0,-8.19624,-5.20417e-16,36.4809,-57.3662,-3.63251e-15,255.333,-18.2702,-1.15533e-15,81.3196,-20.8823,-1.32186e-15,92.9456,-6.47956,-4.09395e-16,28.8401,-41.7556,-2.64372e-15,185.851,-12.2629,-7.77156e-16,54.5814,-15.0535,-9.52363e-16,67.0019,-10.638,-6.73073e-16,47.3492,-72.6053,-4.59702e-15,323.161,-18.4593,-1.1692e-15,82.1612,-41.3305,-2.61596e-15,183.959,-3.57048,-2.25514e-16,15.8919,-32.7297,-2.07126e-15,145.678,-18.4593,-1.1692e-15,82.1612,-41.3305,-2.61596e-15,183.959,
0,0,0,0,0,0,0,0,0,0,0,0,0,0,0,0,0,0,0,0,0,0,0,0,0,0,0,0,0,0,-8.19624,-5.20417e-16,36.4809,-57.3662,-3.63251e-15,255.333,-18.2702,-1.15533e-15,81.3196,-20.8823,-1.32186e-15,92.9456,-6.47956,-4.09395e-16,28.8401,-41.7556,-2.64372e-15,185.851,-12.2629,-7.77156e-16,54.5814,-15.0535,-9.52363e-16,67.0019,-10.638,-6.73073e-16,47.3492,-72.6053,-4.59702e-15,323.161,-18.4593,-1.1692e-15,82.1612,-41.3305,-2.61596e-15,183.959,-3.57048,-2.25514e-16,15.8919,-32.7297,-2.07126e-15,145.678,-18.4593,-1.1692e-15,82.1612,-41.3305,-2.61596e-15,183.959,
0,0,0,0,0,0,0,0,0,0,0,0,0,0,0,0,0,0,0,0,0,0,0,0,0,0,0,0,0,0,-8.19624,-5.20417e-16,36.4809,-57.3662,-3.63251e-15,255.333,-18.2702,-1.15533e-15,81.3196,-20.8823,-1.32186e-15,92.9456,-6.47956,-4.09395e-16,28.8401,-41.7556,-2.64372e-15,185.851,-12.2629,-7.77156e-16,54.5814,-15.0535,-9.52363e-16,67.0019,-10.638,-6.73073e-16,47.3492,-72.6053,-4.59702e-15,323.161,-18.4593,-1.1692e-15,82.1612,-41.3305,-2.61596e-15,183.959,-3.57048,-2.25514e-16,15.8919,-32.7297,-2.07126e-15,145.678,-18.4593,-1.1692e-15,82.1612,-41.3305,-2.61596e-15,183.959,
0,0,0,0,0,0,0,0,0,0,0,0,0,0,0,0,0,0,0,0,0,0,0,0,0,0,0,0,0,0,-8.19624,-5.20417e-16,36.4809,-57.3662,-3.63251e-15,255.333,-18.2702,-1.15533e-15,81.3196,-20.8823,-1.32186e-15,92.9456,-6.47956,-4.09395e-16,28.8401,-41.7556,-2.64372e-15,185.851,-12.2629,-7.77156e-16,54.5814,-15.0535,-9.52363e-16,67.0019,-10.638,-6.73073e-16,47.3492,-72.6053,-4.59702e-15,323.161,-18.4593,-1.1692e-15,82.1612,-41.3305,-2.61596e-15,183.959,-3.57048,-2.25514e-16,15.8919,-32.7297,-2.07126e-15,145.678,-18.4593,-1.1692e-15,82.1612,-41.3305,-2.61596e-15,183.959,
